,Yab,T,X1,X2,X3
0,-8.28161542600779,1.0,0.03439234182279725,-2.6350451338656145,0.03879187288516461
1,6.439300869799586,0.0,0.29424773234221363,1.546949548352477,1.8085229364558804
2,1.962235600137624,1.0,-0.20841231209250485,0.9004286249991477,0.9786118287216563
3,23.0891080049231,0.0,2.496202347598489,1.8777348178800424,1.5281308407588639
4,-2.8693842591854164,1.0,-0.913783855290461,0.2217296801662736,-1.8384964533077344
5,5.20517478710973,0.0,0.14905174974863686,1.521416007606285,-0.592235189213007
6,-2.5920228847788427,1.0,-0.446780725713891,-0.3174888971370805,0.5524236657138014
7,-5.2367462380645,0.0,-0.13019484763182387,-1.0185171447254975,-1.772296786122005
8,-5.118305503773725,0.0,-1.4649857478749388,0.6944069500150583,-1.6341537414585805
9,-16.815749070908804,1.0,-2.2377836362885724,-1.025383685682344,-3.6526207534887565
10,-7.6601464575116,1.0,-1.1236213418446719,-0.813572186640079,-0.795695035239801
11,9.955078451501468,0.0,1.159495212306416,1.6089237122345759,1.9411580488238107
12,10.157489809062104,1.0,1.1752782928368743,1.1023489780131317,2.941304941197014
13,0.5583186296438571,1.0,-0.10990239975007725,0.3202176458481472,-0.8802333666161797
14,3.143773507462007,0.0,0.29668039707570254,0.6845383192555974,0.888262408718087
15,8.33814745371319,1.0,0.9805902303024823,0.6376895742980762,-0.7090811428200053
16,15.495777695445152,0.0,1.1755397452759846,2.75653195895765,1.1380960909706597
17,-1.1500574309363487,1.0,-0.3531160019440845,0.22854253113124168,-1.3737082269762972
18,14.951972602238495,1.0,1.324726636223347,1.6100926747695044,1.5645594409785128
19,1.2946867676057248,0.0,0.1777127930175596,0.00019029560975484917,1.337458215808123
20,0.4931397415756702,1.0,0.2065921996726756,0.0231867856893548,-0.8040543424580797
21,20.804008444263594,0.0,1.6697843187749966,2.96497253485319,3.060134620141172
22,-14.202185000315158,1.0,-1.3622608269458871,-2.2828628495474104,-2.9758792630868043
23,-1.2987667991075236,0.0,-0.2675486269197977,-0.044523487624657916,-0.20327607559622846
24,13.718593605869877,0.0,1.548379025969332,1.2020260756661174,1.4535045940677784
25,7.951388291344155,0.0,1.1540317412174323,-0.04470224267340944,0.7090026376597411
26,-10.025148614694547,0.0,-0.7942622100067498,-1.6141236257237876,-2.000675216614815
27,8.4297234115098,0.0,1.1541949375051899,0.141847503463009,1.0424259527525286
28,5.965632978040973,1.0,0.6035039592917057,0.9689936816895232,0.6312751790719257
29,4.933359278018769,1.0,0.9785416334352873,-0.2538544022575521,0.4859512669546275
30,9.39566481011697,1.0,1.0496300966539827,0.8513427789213596,0.6619749053272246
31,-3.075681632297216,1.0,-0.02759987844548219,-0.7317026427156672,0.8135595464519823
32,4.883822012142657,1.0,0.20717024765605288,0.7847028953923807,-0.02313634940328838
33,6.239626981824376,1.0,-0.20529194860529884,1.4588112535701565,-0.7731519214714521
34,-4.886715346359334,1.0,0.0063412637150141345,-1.131395700139871,-0.4009939203182671
35,7.5060856277041745,0.0,1.4757482217059064,-0.15758612258235624,0.6234198406697176
36,-0.28584215042422245,0.0,-0.40838721371320263,0.6401458734011882,0.7158301867685789
37,-0.12742839716908527,1.0,0.0749245361706511,0.039479218265027545,1.5095531738457162
38,8.912594615006398,1.0,0.3406342443844173,1.9148611866501095,2.819125032645065
39,9.246937190402246,0.0,1.1718007343168333,1.3229478726073458,0.810978726975556
40,-12.359857295004094,1.0,-1.5983747170345528,-0.7509771380480196,-2.72063031600536
41,-11.138270394206534,0.0,-1.5091778060181025,-0.41319048696056787,-4.909548965067048
42,2.2554944303418893,1.0,0.015444577268870729,0.2475821463858236,-1.5756179717703986
43,4.550637333672314,0.0,0.5070175754484709,0.8747987502579839,-1.5182391932284807
44,-5.463691346017024,0.0,-0.24019995939086222,-1.7151916535954481,-2.7154782542784015
45,-20.892445268139916,0.0,-2.4197076465275202,-1.4244491336853586,-2.765282535031176
46,-9.577386145860272,1.0,-0.3445150336471048,-2.5293403111116795,-1.2836890797491038
47,0.4964301004480546,0.0,0.016314473676123566,0.3497684427626342,0.546837754597984
48,21.08362583632437,0.0,2.378750818121115,1.7520359549039528,1.9288130720976477
49,-1.513299513649598,0.0,-0.9321178267400988,1.107130790378639,-2.0278949818113667
50,-8.193128700205948,0.0,-0.8247850149089645,-0.4799689422286928,2.0586953221990427
51,10.990684282290806,1.0,1.2290771314339624,1.1265384277189676,1.515775224806465
52,5.047097227310464,1.0,0.650228114716998,0.045167505675925125,-0.30832672026605895
53,-9.669077531011641,1.0,-1.6621004355730038,0.248213010377484,2.025541528516168
54,3.0580546519934018,0.0,0.28758433014600004,0.26467391130914897,0.7386243501597911
55,1.8374453520014862,1.0,0.7068754331340763,-0.788488078379514,0.8986023266904383
56,1.4438848476715556,0.0,0.4299350250000666,-1.2613957944605798,-0.36541705719877443
57,-19.31946002638662,0.0,-2.3029002423926013,-1.9049578456892158,-1.8476596062524608
58,0.7875649934763967,1.0,0.08764743096131605,-0.4510751941196436,-0.20816132681057506
59,8.329790308541861,0.0,0.4990639433542874,1.1029093905278724,0.043977893325715854
60,7.381503919497087,1.0,1.0413907927650525,0.1671553389109623,0.8786012530463185
61,2.489255460851767,1.0,0.8698830484727823,-0.99403597605956,-1.6176317170929173
62,-12.834281339384583,1.0,-1.7240658491545413,-1.0378091536017788,-0.7830658384673683
63,-1.4387004745535232,1.0,-0.6792711299999868,0.4549314114686514,0.99075008109601
64,0.10523345166163828,0.0,-0.3273807054488878,0.8212859096431767,-1.2183158869769084
65,-3.0549436400279077,1.0,0.1005690553866438,-0.7983923749773787,0.2070993808833326
66,-0.45751850566565055,0.0,-0.125872050626691,1.1286385864069823,-0.16407293706012557
67,2.676093940990814,0.0,0.4645471342926795,-0.516672823406417,2.3050440759817885
68,-1.8628508213371715,0.0,-0.17004434137450267,-0.04271526078790075,0.06500299129689868
69,5.128127410182271,1.0,0.8045494040057275,0.11132910920539349,0.9580322270245818
70,10.256951516639212,1.0,0.6382984920708134,1.720904327881688,-1.8038726725290715
71,-0.4881017005147592,0.0,-0.8406137669300247,1.4338058932371345,0.8257516780006391
72,5.647713399633613,0.0,0.48010112461221105,0.5220564133309414,-0.49333354343534747
73,12.2862494319015,0.0,1.7393227465546286,1.155677701040569,0.7438894117794076
74,18.97270219310103,0.0,1.9283907648847916,2.2354428363023557,0.7412136563710602
75,-7.5861908323250455,1.0,-0.9607700027941686,-0.8041041020259931,-0.7943878875578654
76,-6.243274898748043,1.0,-0.6967796534329591,-0.977305124862489,-2.1239469131503657
77,-14.469232191071358,1.0,-2.076153123345949,-0.5843713202690435,-1.7390554869214296
78,11.869860139444102,1.0,1.3194718866857842,0.22313972662872442,1.6385501751713338
79,2.5242417885011563,1.0,0.8067565918054599,-0.6898594298596421,0.916697876916272
80,-14.202136857363259,0.0,-1.4009244587702838,-1.3915438949016756,0.21707163432770132
81,-8.896925356237622,0.0,-1.046724332000642,-1.1521766866838834,-1.8094861088677385
82,1.3468317165566273,1.0,-0.23847623759297026,0.52085525427577,0.28493914291822914
83,-4.287725324546792,0.0,-0.7367974486815162,-0.16925592667628653,-1.041592324338698
84,-11.709886069738888,0.0,-1.6266623385734218,-0.7591951360598411,-0.922910188452179
85,9.881680155406197,1.0,0.8489021469050809,1.1431018225436906,-0.03118312304240624
86,-13.26979119558492,0.0,-1.7106167919324862,-0.7696296449453821,0.7448137421158482
87,1.7496615326529619,1.0,-0.3112130424353075,0.9797423086089893,-1.465353220658884
88,0.743506297719825,0.0,0.440647731360272,-0.5880181649506463,1.7376078627316052
89,-8.305850147504668,1.0,-1.196770378160853,-0.5060659431102259,0.561261570447641
90,4.094842328454673,1.0,0.31728122907171274,-0.007393434863917499,1.8379381341532923
91,4.474541479255022,1.0,0.2134265154960476,0.9408670496386384,0.26360906478718077
92,-7.505090528817604,0.0,-0.9576939151401823,-0.22891853682722846,0.3397618581674312
93,2.924505494603408,0.0,0.28228857855805145,0.14769844976725638,0.5487033342829317
94,2.9310300992135074,1.0,0.9114401877278825,-1.7176611941515643,-0.2720487909113583
95,9.40823680186236,1.0,0.43106420237310966,1.5499404306472928,1.1789780511751804
96,-11.0217115996362,1.0,-1.5553042359663913,0.020744417735240002,-1.8247674786706236
97,-2.895668597432638,0.0,-0.1553085524810315,-0.20494044585177737,-1.2785499783749048
98,5.04548761917588,1.0,0.035847768818630596,0.9145413993507416,1.7060451593856554
99,-1.2340237344268257,1.0,0.8626423756494124,-1.688083484784768,-1.1798566147973477
100,6.082083110466662,0.0,0.8917442263500399,-0.09883948301262521,-0.008167346032415593
101,-2.5535926682963135,0.0,-0.10016838146452035,-0.36949095745679505,-0.1084094522455427
102,-4.080978363987466,1.0,-0.5655619855017678,0.09618925317801746,-1.0347975787046266
103,-2.615936459345579,0.0,-0.29932923042921483,-0.3124396044828443,-0.5100027222868085
104,4.059794489057319,0.0,0.34491699912762064,-0.04076861418283404,-0.12763777376396118
105,7.717318950318579,0.0,0.8291023905407304,0.7929139280447464,0.6687092222336568
106,-4.018547159294034,0.0,-0.8581200596261693,0.24233657302305903,0.7037892182106606
107,4.048381659282432,1.0,0.42128399705412556,0.25031857534358065,0.0020236829937958925
108,14.252331819510987,0.0,1.282421322479966,1.9675091872478916,-0.028234785108432546
109,4.552987146370221,0.0,0.05256614346791889,1.5981342012458617,0.9134379104573578
110,-4.334127846458175,0.0,-0.6419292183869724,-0.4098442350802397,0.5174353167373519
111,3.4887688187434756,1.0,-0.10550620774970546,1.335743506914362,-0.24566092495169678
112,-0.728755158149258,0.0,-0.8663582119797442,1.5652720948725634,-1.6249873374879287
113,7.333224645121717,0.0,1.0519992755936522,0.2565453296636808,2.00227580164207
114,-5.744777781081066,1.0,-0.7749870822184398,-0.2880527951857595,-2.272522509624741
115,1.2399702736697573,0.0,-0.1673785809883554,0.4369887755022617,0.9801588943331478
116,2.791895292889931,1.0,0.3147407793199736,0.3806961747580004,-0.5113022409935769
117,-1.2928954276831952,1.0,0.2364879149169033,-0.9947079029567464,0.5727560245338903
118,-6.150093871088054,0.0,0.06479378617761337,-2.228504467447255,-0.3135811446206245
119,-20.437559743475546,1.0,-2.391962346156607,-1.8562957725328548,-4.244915952527268
120,10.938052505261053,0.0,0.794147951596141,2.1250002006555775,0.3873312156881234
121,8.373295815574888,0.0,0.8645267470052967,0.74747295672672,1.8312783809154594
122,-4.728347425272563,1.0,-0.30179202465102056,-1.3911089197838045,-1.2985579979308868
123,-9.99083401601079,0.0,-1.1006720281864808,-0.5686528698842814,-2.3047740822513147
124,3.8641930059726723,0.0,0.3729480258364363,-0.07921604240251137,0.056386449848320815
125,0.25625576114359927,0.0,0.7612836199157754,-1.7329474002823437,-0.07484494500807738
126,-2.3662913282609814,1.0,-0.06380042852863471,-0.6398895736987257,-1.2019493409852648
127,-9.01039162867496,0.0,-1.0258607821050039,-0.9613418461517466,-0.3580200085395132
128,-5.730491134447484,1.0,-0.20774812817305452,-1.2970412036663859,-1.8665966809782912
129,8.460313538009792,1.0,0.7042616925992802,1.0092229554571663,1.3215320841779374
130,-8.801688090422198,1.0,-0.15556845692948754,-2.317021383389798,1.2126229564483113
131,0.8389006944371014,1.0,-0.2808165186090942,0.6226473233353337,-0.305861611072823
132,-2.0551809599741953,0.0,-0.20274861280262105,-0.6816501945986932,-1.9246325938135027
133,1.845580529361697,0.0,0.4186174643856775,-0.11496586904257317,-0.6719409980352313
134,-1.779383207246143,0.0,-0.7976443616207884,1.1227661601519596,-1.198462773054481
135,0.8043684444443882,1.0,0.08581106666399488,0.09947119769009381,1.1979488494888457
136,-2.6300811990594224,1.0,-0.8567055193792004,0.9154848887078265,-0.6579949849961862
137,2.475647781167143,1.0,0.22213497424919415,0.049442727832025676,0.6868994514474448
138,-18.17105466483989,1.0,-1.9965915035929294,-2.0942135002695217,-2.6157833885571864
139,5.658544383715258,1.0,1.2265588352375882,-0.6595779138078268,-0.15298957540737396
140,9.578005557443966,1.0,1.4152264791677858,-0.03302092325599597,0.8304761643819555
141,4.40201665169236,1.0,0.08108524429260537,0.8326784939821601,-0.021607361636767738
142,5.214295600778162,1.0,0.20593684128975884,0.6096634002723265,-1.307956306975408
143,-15.655749851376815,0.0,-1.646427823755117,-1.3432881173266202,-0.36284838174719697
144,-9.025331220012156,0.0,-0.4725784747147355,-1.9070081093665947,-1.8511981570124174
145,-19.821350940915323,1.0,-2.190745327051884,-1.7854293499336977,-1.7742829527157766
146,-5.238787877397354,0.0,-0.9402460716163915,-0.10463558319933217,0.9937842432740562
147,-6.794004449743148,1.0,-0.9369426732458035,-0.5025913712075961,-0.81243438609832
148,-4.396069483819893,1.0,-0.4882544123487005,-0.2895565215827485,-0.18286868841986892
149,-6.867892842788782,1.0,-0.6469061889193645,-0.7872090658996729,-0.44462742634505326
150,2.48899474425109,0.0,0.4554761509286119,-0.12654805907840005,1.412244380512974
151,-2.1091512833875954,0.0,-0.30557746777192274,-0.3053048213873417,-1.0505186890467257
152,-4.633414069804574,1.0,-0.7888775183450262,-0.08560333620629676,-2.400583901500468
153,-3.8000780857543717,1.0,0.26204712879994946,-1.5379061624300503,-0.4908677606496275
154,-6.701596687900132,1.0,-0.5909439843715169,-1.4210961249526912,-1.9605012805930444
155,1.0420014639737678,1.0,-0.002708019744919123,0.19401263844588051,-0.2775611752163741
156,-0.40103383285967475,1.0,-0.02284209590127722,-0.6083107861487008,-0.12737421437409738
157,1.1477119295540401,0.0,-0.2675513168001082,1.3269772167618592,-0.577610065162588
158,-5.00937066153768,1.0,-0.4715126409818464,-0.3407883827395001,-0.46903963177436164
159,9.741768007295343,0.0,0.9814819521080945,0.44420961361644695,-1.9389041709537937
160,2.7163598400679723,0.0,0.5771149652669308,-0.5499503252310975,-0.9431697214535056
161,-5.08139574725715,1.0,-0.9296792759188989,0.3509775893813097,-0.7798289275988972
162,1.74070553270731,0.0,-0.0021655900450551417,0.41965512417713746,-0.30858269278542083
163,-1.0751956087280328,0.0,0.2136155704433864,-1.0574506561008228,-0.1764334129462497
164,14.472216659964015,1.0,1.3736796645385487,1.3883825385415047,1.308922866546267
165,11.359719359580136,0.0,0.942929039957289,1.5108931812408317,2.5458159085293244
166,-11.563917367530294,1.0,-1.4305293623648843,-1.1758344050743583,0.5227893754564746
167,-3.9353112406828994,1.0,-0.912788878283996,0.23669554620471878,-1.7006049963957441
168,7.0462316796458175,1.0,0.8204279766312889,0.424464761830489,-0.02461369170505897
169,-7.778135687029736,0.0,-0.955905420337247,-0.5113496485268396,0.13313683000278043
170,1.9493055789531597,0.0,0.4428270134896848,0.2771695852153602,-1.6491940118372082
171,0.5344773366790937,0.0,-0.7166444127788992,1.9145815495984797,-0.8619004561463951
172,10.38822751174363,1.0,0.7447828110720325,2.0209713783930514,0.8455085263802861
173,3.612599631721566,1.0,0.2975272497521526,0.25822525350952685,-1.1352823817132
174,14.13116830467562,0.0,1.3225508847441267,1.3270558542915563,1.3900800026623934
175,-1.979667771208682,0.0,-0.4668934978030367,0.5363641985363828,-0.7564073619362068
176,5.624458273487402,1.0,0.06155338476069318,1.0347351197439099,0.3896144484219328
177,-14.781353274006419,1.0,-1.0674061324354402,-2.883806091255009,-1.3514551889366024
178,1.3035575819646104,0.0,0.14838098743607725,-0.5005839638202356,-0.41951437339698144
179,-2.758906177420869,0.0,-0.28953329570284386,-0.44544430229924603,1.4153529394151305
180,0.2539750929367477,1.0,0.4445691174186112,-0.6915303155937668,0.39578420483653676
181,-11.332965909264068,0.0,-0.6857975800616097,-2.1364984745218547,1.9474617345680652
182,-7.458963219453308,1.0,-0.5764207620867079,-1.4862052659324512,-1.1845148788839908
183,-12.905544922930604,0.0,-1.5412899924799444,-1.160971327250247,-2.3161171024304195
184,-2.399863490388202,0.0,-0.3111060755506967,-0.20889823695204726,1.4026688289354772
185,2.5349243070310545,1.0,0.4227456267022617,-0.1047886705275636,-0.790127890536913
186,-10.232397599219043,1.0,-1.353132305916656,-0.8741845798544681,-0.8397165946392017
187,0.32528200284168984,0.0,-0.03645162413658917,0.16143048720872688,0.3663432224511188
188,10.545116582647672,1.0,1.3088463428449946,0.7960152181814024,1.1762300273393151
189,-4.5396554413753405,1.0,-0.7736899936492236,0.08663727396441591,-1.3699664647529433
190,-0.9557766071019236,1.0,-0.17443010300289727,0.5634880908407752,1.3370675179270173
191,2.489697678781488,0.0,0.36851403098209706,-0.017095620783059744,0.41861682744300255
192,2.7167544520731592,1.0,-0.04950015928188839,0.9367891733091818,-0.3471431832781909
193,-8.986010536338558,1.0,-0.7872529346523343,-1.366650143507512,-0.8382193312987151
194,1.1275447928568365,0.0,0.052600874956162114,-0.07923243916365856,0.6170212004122512
195,3.8246442117913784,0.0,0.41819675849273985,0.631248012235486,-0.5318090191817314
196,2.6758901851434294,1.0,0.23561434940686324,0.1546160180603795,3.616512265636781
197,-0.3585766184601329,1.0,-0.23140621469654538,-0.14332218239125016,-0.06333659144631539
198,10.334349748186755,1.0,0.5003071553743317,1.898193380307958,0.3554559496619283
199,0.7176942252180369,0.0,-0.47036657489246037,0.9185363623883334,-0.8037189696593641
200,-6.556707021527641,1.0,-0.4197288136222014,-1.7024177975786896,-0.49717768036646515
201,-8.080810990035172,1.0,-0.7313460708448971,-0.67298485124118,-0.21566938259913007
202,-3.116765374598253,1.0,-0.1955454156361421,-0.9913870017789105,1.5668646090080998
203,-2.0309531724720493,1.0,-0.49290893918005174,0.3815176803982337,-1.1513811698792957
204,-1.8278367242577414,0.0,0.03560324442429765,-0.5228367737458459,0.4584866184519113
205,4.4840267361303106,1.0,0.05938345713219661,1.0593240631120042,-1.1590818782113346
206,-6.685281427342951,1.0,-1.1660377981027852,0.33988293158297717,-0.6681763241977711
207,-13.506029118395812,0.0,-0.9118621859481735,-2.600182140867274,-0.01785332940648962
208,2.397350677687331,1.0,0.2361601111105732,-0.1508034716155043,1.0800724420424657
209,-2.6155884675697103,0.0,-0.5726419410380275,0.5117366551776573,0.06705664843876118
210,2.2974005525900436,0.0,0.5269666379064499,-0.6620595886497743,-0.0009108935877645067
211,6.343563402197748,0.0,0.5806441688685038,1.1640469100975226,-0.6455096041228773
212,9.008513572692973,0.0,0.8111562442648774,1.200502890083604,1.1091790774216226
213,-11.143411482753736,0.0,-1.5683228291268168,-0.7992891306578292,-2.4777374319378986
214,1.9793276143134548,1.0,0.626402415694652,-0.8100652533975277,0.3919151709395575
215,2.8238712378692665,0.0,-0.39259175453809453,1.8683785541260893,1.7164177980149133
216,5.952870472073553,0.0,0.11287016709814024,1.4244213563697308,0.027306015599293732
217,-0.5978161998427263,0.0,-0.3145303608651435,0.40120374427342353,0.16812497321146538
218,2.6161688102071676,0.0,0.7383213035277102,-0.2774316090913632,0.9682635002165147
219,-7.8419865166749565,1.0,-1.3122295693721573,-0.2797753083583064,-0.6013156493528053
220,1.6703727566439621,1.0,0.08321998279666537,-0.06779290458512957,-0.8352054687878014
221,11.231188532475585,0.0,0.9793863971335726,1.4887360126082883,0.9317566070206635
222,3.9002331564332815,0.0,0.2880177483442611,0.9466064595043425,-1.0184128954555647
223,-8.83063077037143,0.0,-0.8555650839059694,-1.0156429995871095,0.526481352723696
224,-9.264002883881474,0.0,-1.0530125973288382,-0.7444782897909773,-1.4475575892323143
225,9.927139019219856,0.0,1.1727687007220704,0.8513393937617718,1.3540174046724602
226,-1.270027899797117,1.0,-0.3812180834452855,-0.05353483404343583,-0.7467939131461862
227,-9.872110754544181,0.0,-1.6283671910022235,-0.16570866268227757,0.11299905000633069
228,-10.354207273873184,1.0,-1.8395478787409405,0.11932194016108913,-0.6287912057708605
229,9.745682527849619,0.0,0.9198666288937803,1.0997523047034956,1.4981889609308396
230,7.487054807181072,1.0,0.9481333517955409,-0.2866502850989952,-0.09323901396268358
231,-0.9291993645409807,1.0,-0.7546410180036108,0.902870488666814,-0.5389014394087492
232,6.193423795708284,0.0,0.7086725968635461,-0.27744951982110144,0.6134885578856296
233,2.785471946375394,0.0,-0.20288668586428066,1.1946406930784237,1.171403238627174
234,3.9003949160458853,0.0,0.2940852774354053,0.7520283079745881,1.9014251029824032
235,-0.4101990515633873,1.0,-0.037023778959192004,-0.5541246862756687,-1.6842248218045073
236,-0.43106664236046527,0.0,-0.04695374152354724,-0.06299222889391341,-1.502129867630677
237,-1.1863001510591844,1.0,-0.5362401306786773,0.2771689876564647,0.9950845843783885
238,-10.666294088136507,0.0,-1.479643310305505,-0.35968229554708675,-1.696470524595141
239,-11.930739594565397,1.0,-1.2638038404957759,-0.724901631228321,-1.1187104560256371
240,-8.371924914564406,0.0,-1.037748244767456,-0.7643573437489125,-1.9342310554575104
241,0.8485542761651365,0.0,-0.4361080427295414,1.1566334009634702,-2.1658495671825606
242,-1.672290413907497,0.0,-0.8890131258233595,1.657655403266269,-0.14437575692241686
243,-0.18285781479663066,0.0,0.24504216449454413,-0.6636243925242008,0.07925141656403319
244,-13.931812658867916,1.0,-1.764012130609915,-1.4529909240086474,-0.7215327462651112
245,-2.0503801297179916,0.0,-0.07547129527208049,-0.6857927883765356,1.4751720032937459
246,-0.9290244761021538,1.0,0.06243797071401403,-0.621410469865051,-3.2321697959691083
247,3.462280489502198,0.0,0.5236323624753227,0.19517631320001383,0.5300177691165088
248,0.8778867479598693,1.0,0.6722945669735679,-1.2265511592350729,-0.8468032777545561
249,-4.365317405286491,1.0,-0.44355784818478017,-0.20700065392531375,-0.16531032778632157
250,-15.434828255646638,1.0,-0.8927481595732545,-3.065676658238197,-0.5595564624369366
251,-0.11376171952307464,1.0,-0.2061731846322474,0.20011519088114008,1.9241974157571569
252,-6.2142049183532375,0.0,-0.6936237770877004,-0.10526402868024132,-0.3771027215789586
253,9.476487094848695,0.0,1.1853144419830621,0.7524472881422086,1.4527276329416985
254,-10.812756861037066,0.0,-1.4757507892812103,-0.10890934069238344,-0.43682750078315485
255,-3.3106326300165616,1.0,-0.5321780002043733,-0.4001259145549417,0.1552347563280647
256,-9.056456026140179,1.0,-1.4524330283125861,-0.3337424041968134,-2.492387459482297
257,-2.948773532244325,1.0,-0.8245777283398357,0.5131896124143703,-1.0979152916752841
258,-1.6519118961588144,0.0,-0.776226711115931,0.6875252180432946,1.0955379434432362
259,-13.986536536313968,1.0,-1.7066269663937008,-1.2315387415038348,0.74689269871396
260,-6.26316959157434,1.0,-0.6902182090018524,-1.3612412593963388,-1.601989254672432
261,2.9527237390955547,1.0,0.0902701896413671,0.3119404257571179,0.3924035667082861
262,-20.467369366439176,1.0,-2.4721063233214573,-1.8020928865412473,-1.8650484216334133
263,-0.01890022937690017,0.0,-0.0382183248572238,-0.017357054955589146,1.0063864305846126
264,2.7362920605217567,0.0,-0.09748294250712874,0.5215436146509514,-0.9155402371014577
265,-2.320764645836502,0.0,-0.48344886586545455,0.42201188654722466,0.7201275403744283
266,-5.265275035703296,0.0,-0.7579789787926803,0.2379050275537715,-1.2612634904156665
267,-5.930313531276779,1.0,-0.8255947426159306,-0.7000428050625869,2.2601481971867132
268,-0.13709753891502963,0.0,0.03874552780415725,0.017419034038775007,-2.290653130312673
269,-5.656776772742901,0.0,-0.4080979732786877,-1.1410004846855173,-0.4666742159482296
270,-5.10254129775316,1.0,-1.1128855773485367,0.23947767525490665,-0.34851125675260614
271,-4.82631521146174,1.0,-0.8540719531084136,-0.08555546365092949,-1.228561291344956
272,14.530561680988233,1.0,1.529687785637083,0.9318269576977284,1.1651487844020585
273,-13.366066318736465,0.0,-1.1129042365679176,-1.8656547347543806,-2.0880311040268835
274,-3.288747934735516,1.0,-0.2212054019637037,-0.5995061451842308,0.32015322519284706
275,-4.265720839510977,1.0,-0.8050670259313745,-0.0371131047780921,-1.2238491566389806
276,-13.252718391783487,1.0,-1.4261989557008707,-1.4510611888198817,-2.1444931701161667
277,-6.5060344687033025,0.0,-1.0156859946136714,-0.07801796037905548,-1.5865104880894618
278,17.807022323069738,1.0,2.2443597126176877,1.1693796909498433,-0.13630350644353437
279,7.355920549995912,1.0,0.34909134579773854,1.1553006993277521,1.027903958750811
280,-2.5695466051708533,1.0,-0.44572236742469806,-0.18627949942377464,-0.569612014546692
281,3.896367914336263,0.0,0.6603108619654299,0.6202800671681126,1.7993769059493807
282,-6.755173065782225,1.0,-0.27319552007036624,-1.5035945114718121,0.06158680357707478
283,-10.364119495999647,1.0,-0.7892449286169094,-1.5428105977219408,-1.429015321099328
284,7.502948945649433,1.0,0.6199808740657522,0.7928713991900492,1.530320256253565
285,0.37729372822110085,0.0,0.004462784298903569,0.563699660749893,0.7046153108565681
286,-5.054564814813897,1.0,0.08951781301181233,-1.892981011677779,-2.904181249726181
287,3.1705196965491256,0.0,0.5055891453906931,0.21636702218497195,0.30844436430334365
288,6.073119396962467,1.0,0.8120991478896114,0.24108151389064814,1.194516553663622
289,4.239245150982651,0.0,0.8185359861870987,-0.1379809278111648,-0.3605449678143688
290,-4.937596679348023,0.0,-0.7463086081056111,-0.671447312346621,-0.4768255614727468
291,2.442987562972478,0.0,0.26996479684442626,0.5520258625717871,0.4836952327343931
292,5.418513502363318,1.0,0.36394816403078906,0.5644364775507049,-0.1593748849257963
293,0.854023598060073,1.0,0.07327289285878799,-0.14230702106282936,-1.1627527941163756
294,8.986350917663838,0.0,1.2957034996842463,0.07353476152745372,0.07144646607947518
295,7.7261649188705155,0.0,0.6794746549455959,1.379519398373577,0.23655296602252518
296,5.419934660821363,1.0,0.44123124725340274,0.48118410497281444,0.5442021891091708
297,6.945393921189575,1.0,0.8461212641460992,0.1344579340450283,0.6762890847882345
298,-6.370721240893597,1.0,-0.598678450424519,-1.4398557105416925,-1.0894752970682289
299,-7.374240348406138,0.0,-0.8162037614602758,-0.8176460334629218,-0.23277932042127877
300,-1.1941262758627618,1.0,-0.03967222601476224,-0.656222542922696,-2.7503847978279157
301,6.035342054567684,1.0,0.6348709603001131,0.29317953946981445,1.3170553050099272
302,-4.624134777905892,0.0,-0.9435015634365174,0.006107108931210388,0.04670453473800942
303,4.976183682133361,0.0,0.2670299201375805,1.1507522233739595,3.7887212688420036
304,7.8423759241955855,0.0,1.0477052221896854,-0.002938102645952047,0.42273852843796256
305,-9.929751972556364,0.0,-0.7759562465438982,-1.1771962606271302,-1.4434396450600335
306,4.204647798275259,1.0,0.42733859541161157,0.6683759091241372,2.687153476322668
307,8.34074311857656,0.0,0.8182648281308738,1.1463065516791646,0.9303936247694375
308,7.140505471849932,0.0,0.5672410128814148,1.0803284591534894,-0.5928935189963712
309,2.5942885373212596,0.0,0.3493573589059007,0.4109876510061818,1.424264838534741
310,9.949875000266333,1.0,0.9292989957957418,1.7785658319344038,0.6750364771623213
311,-3.785468892612649,1.0,-0.5164991050087471,-0.03202875645280587,-0.5033003884152957
312,2.1208837697862823,0.0,0.10907153200088619,0.6813379219453889,0.4648959435723801
313,-1.1464709520880723,1.0,0.30291957161016564,-0.978305090757851,-0.4214423253043794
314,1.9759476492627923,0.0,0.23300133665759845,0.01955459652669345,-1.643683348855152
315,-2.0241472836391057,0.0,-0.06232218341023018,-0.6630174141429849,-0.32007015254770654
316,6.9120582574822915,0.0,1.5793828815811861,-0.9987575635503279,-0.4067056508751668
317,-19.492928245277326,0.0,-1.7732112463817618,-2.807940258516779,-1.8282059459964237
318,0.9477560325321286,0.0,-0.20205006510944365,0.5356226256531403,1.5195615504313444
319,-1.8706972694576212,1.0,-0.5982179914618768,0.39053333835569254,0.45171271067441116
320,10.213265268910774,0.0,0.8296236923566205,0.958698505957998,0.4063576038409003
321,19.752528718891618,0.0,2.6041333414533443,1.0684157885857037,1.7571699846124382
322,8.960280578407787,0.0,1.1795657522799026,0.5641523048255991,1.3887544364621958
323,-4.693905105834207,0.0,-0.8627554171456775,-0.1301788375418616,-1.5169261626029393
324,4.980737559835799,1.0,0.4511817575413855,0.7716559573146011,1.956007397199452
325,3.547937570545356,1.0,0.7406549627971017,-0.21679152795442508,-1.3410049609691757
326,-5.141422250366269,0.0,-0.09851824671450359,-0.9873095408868693,0.4968452187768435
327,4.857938857783937,1.0,0.7028391480694114,0.1897259412846953,-0.3586415001705615
328,7.687009169681614,0.0,1.1653914251558972,0.4660973944228543,1.308505802217706
329,13.229199460006518,0.0,1.2548760692661505,2.1287028182789234,1.917390970880867
330,-12.553558476249563,0.0,-1.1993300185888898,-1.7065385141710767,-1.5261430490740175
331,4.665013660678403,1.0,0.8607824388077765,0.036266713504459154,0.2752051485707158
332,-4.778633177730598,0.0,-0.28820120815983735,-1.0609253140788117,0.6288419407939332
333,4.6793396085740895,1.0,0.6232187067061633,0.1747276197258502,1.645084743836221
334,1.6560359287449367,0.0,0.25654712356885917,0.29061239405259726,-0.21425083051987615
335,-11.329016295465367,0.0,-0.8339277161682173,-2.5474528328585673,-2.5369800020097255
336,-8.694779081144738,0.0,-0.87789017934143,-0.7868394648032823,-1.997397485920789
337,6.19008875383242,1.0,0.450342157537802,1.2694314027399718,-0.7281684466433793
338,-6.189757408526215,1.0,-0.7192031798390076,-1.1458007056130766,0.9120694711121343
339,-3.3456667896238885,0.0,-1.0607996873417345,0.9095090993182515,0.37580833921843404
340,-7.945546257882226,1.0,-1.0031952185094284,-0.29447598966431593,-0.11548598948959239
341,10.60039086913524,0.0,1.189331659283302,1.132243776737206,1.13270292763813
342,-10.436369730030053,0.0,-0.963857584827526,-0.9535287968819703,-0.18765519035015069
343,-4.703687511850866,1.0,-0.5718438522878434,-0.22319559744465103,-1.8647238028389226
344,-0.11839451916895871,1.0,0.23020020413178058,-0.8567720751912312,0.44709568374326003
345,5.693722319986043,1.0,0.6905704204142364,0.6132436257064604,1.5110442245338207
346,-9.209680794009614,0.0,-0.5156911865988988,-1.9260598251093402,-0.08553706768776725
347,1.5654752135439245,1.0,-0.1443533049838451,0.08998885787755331,0.7255989178079078
348,1.4008045897980015,1.0,-0.49867686372389,1.4702475070529568,0.7958887613649313
349,-4.494723637930447,0.0,-0.059539013166535884,-0.9119463101950387,-1.7182591904941693
350,1.353719449578343,0.0,-0.3572911246119685,0.8276710224915438,-0.7129298431174959
351,-7.076561729356,1.0,-1.0699965474565754,0.11737975646952345,1.2549420636264144
352,2.9873789867457807,1.0,0.07275107511521864,0.39917283479090687,-0.6327875192141281
353,-3.568508383745355,0.0,-0.62091634667981,-0.2363651618574502,0.7042936162216623
354,-10.454272203924441,0.0,-1.1598077964268307,-0.940407284819716,1.871374389786666
355,15.377629777592535,0.0,1.7600474320145354,0.9470163213714976,2.8410548052892644
356,-1.9280490889088426,0.0,0.3947698695863914,-1.7194562576766041,-1.1478209230266994
357,-7.283952371341525,0.0,-1.1004859167285939,-0.536910963195901,0.5449718041907086
358,1.6716104049402578,1.0,1.2416595976303417,-2.1583528610321605,-0.5337470174070484
359,-8.790025385801467,0.0,-0.8374158273911453,-1.4250024341957401,-0.44791895086415917
360,2.988262282954234,0.0,-0.13708513347269424,1.1907309478647068,0.5627463326054625
361,-8.846858509695435,0.0,-1.0090918717715915,-0.7774122630155186,-0.4766041432677488
362,-0.5364980421310337,0.0,-0.8116001541707925,1.4378062469153008,0.5911389033752548
363,-2.054609534313901,0.0,-0.2387949884690715,-0.6156827692489204,-0.6206841140571202
364,-14.093544010756387,0.0,-2.031848049650099,-0.4885879650195091,0.9461589466778161
365,-2.2628472782095166,1.0,-0.08453121795092813,-0.5788395613795169,0.9780298642449978
366,-2.3125181434758644,0.0,-0.12897619974731434,-0.5581803580050595,1.0136135085602374
367,0.19050295876094647,0.0,0.13441776509507206,-0.11006290128528205,-1.9589026271333545
368,4.388698001203792,1.0,0.6140204839821498,-0.315837785570169,-2.647254107501037
369,-22.63938632769457,1.0,-1.678922598106856,-3.8019216090809587,-0.8869487910722158
370,8.061352764712023,1.0,0.9557847325277962,0.4919739655229779,-0.28278641333122184
371,14.451085813966149,0.0,1.9232280185115678,-0.06076644088368397,-0.10535801887726245
372,3.9553747242628208,1.0,-0.07745514375601473,1.015322107107202,1.4011073735061859
373,-4.109102474128481,0.0,-0.9492241456444073,0.5926218856510272,0.3915961478430509
374,-14.270651377052534,0.0,-2.285320470635839,0.251056890058826,-1.9013228059018394
375,3.8181023969490178,1.0,0.4728803530213269,0.782211873720054,-0.7945529532741837
376,12.140008725839879,1.0,1.7280343768791957,0.7879017264199458,-0.3913880377967215
377,-3.70907491117849,0.0,-0.30207673665394075,-0.4586589160668743,-1.1723783286869587
378,3.2015254348823676,0.0,0.1863377412251021,0.3208263023669553,3.6472335742332067
379,-3.6328173902532064,1.0,-0.5095898865198617,-0.28603376021864196,0.875115940685001
380,1.4409970171229223,1.0,-0.0874499050483644,0.0417166997428426,-1.396261325045434
381,-20.206288195360223,1.0,-2.438488707562946,-2.0190580661087525,-2.229538073815779
382,-7.919954429565226,1.0,-1.3152568529477227,-0.33721971465528816,-0.04674570335515798
383,0.49775227368330666,1.0,0.7204362985107672,-1.0446984221430726,1.9956469480951338
384,7.545213764465125,0.0,0.9311793437833424,0.4295441083105805,-0.7172377105998009
385,-4.321160469971428,1.0,-0.5648690468546641,-0.460103497754234,-0.0409730939491178
386,5.744654645709141,1.0,0.4428404818457583,0.4888019618954409,3.0659566821458126
387,1.9065109571097625,0.0,0.14462080464907637,0.14029910106064947,0.9570831252130046
388,3.8335732327283143,1.0,1.0633250929661373,-0.6331359376472615,0.8575799465322719
389,10.773920262593764,1.0,0.7717012792499732,1.4341550523720719,0.5102599337696072
390,-10.521861781281086,1.0,-1.3964579712615954,-0.4885900283590641,-0.02200685244566106
391,0.13518269524926296,0.0,-0.596004873495284,0.7877883378305849,1.1769633064175518
392,19.23949215289939,0.0,1.5905957529180506,3.3416724900719075,2.21379318188819
393,5.417678668110074,1.0,0.26248782878263505,0.6475704786076091,0.1615491860240723
394,11.984827613337837,0.0,1.2480434144069765,1.2113002654865102,0.23504655561123214
395,-6.84914648151138,1.0,-0.7984945773406863,-1.1157169442775172,-2.300561776418053
396,-11.915654360863188,0.0,-1.111236893000216,-1.411905622168703,-0.5361771980784625
397,-5.651477321333079,1.0,-0.7982554225876717,-0.18502117321959227,1.1108538862522568
398,6.144522293080155,1.0,0.7183407415444065,0.5731724105384575,0.10026462319298711
399,6.7780696491720995,1.0,0.049897061324551066,1.666162375726129,0.3365443945241667
400,-9.457147533601198,0.0,-1.2025723969864643,-0.7300333063667704,-0.684357302857874
401,3.547134962486425,0.0,0.4209546295863912,0.3940834416586799,0.6941227637300194
402,4.453953356082517,1.0,0.6079489717815976,0.43304088526865075,-0.24023123533533536
403,-6.51717478378589,0.0,-1.2001492094891468,-0.06914396066687126,-0.5491428125211997
404,10.132789365549037,0.0,1.2895547048188327,0.7430644101607131,0.22638089617953186
405,5.4547873079106095,0.0,0.5175542905870041,0.7536229949429925,0.5884879982889692
406,1.219345337486201,0.0,0.18283811911879547,-0.08277761317517904,1.987435593981694
407,-13.23286814208646,1.0,-2.043730210145248,-0.3975763125848552,-2.528533981560011
408,5.932818173133877,0.0,0.5980068785677292,0.6613221061390283,2.5857149387304657
409,9.753857475818737,1.0,0.48742983579158494,1.7833414157686196,-0.8152805909960554
410,-1.5959541652055578,0.0,-0.2511956223995241,0.13548066950129226,0.2959105983203627
411,-8.260007461711036,0.0,-1.3726639658625985,0.03515352158093581,-1.8304291510306094
412,12.357708785494705,0.0,0.9353736212021515,2.002878082965143,2.4958489228284364
413,-4.724049427677626,0.0,-0.21588540426010835,-0.8597352295861697,1.0887051122798024
414,8.592078176051496,0.0,1.5172323247700374,-0.30385879956860995,0.3153801784663076
415,-5.881957980227552,0.0,-0.7612898239484427,-0.6027806216121308,-2.2566122434930627
416,-6.923122572642169,1.0,-0.7667613992227572,-0.7042964290324392,-1.6509640252313382
417,-9.509603544104662,0.0,-1.135374667592808,-1.0014409357828375,-0.9408149226185594
418,-6.491705497262328,1.0,-1.2912473214342255,0.16854004414849666,-0.7621560030832126
419,-2.69254810795584,1.0,0.06353491650914733,-0.9585988325417818,0.7472363271725506
420,3.656315456883207,1.0,0.5915727687341789,-0.3649611473721614,1.2015337835647486
421,-0.05042113080113908,0.0,-0.08552823908182546,-0.2068394728119298,0.20024095338215928
422,-2.1495659631244544,0.0,-0.1941883842091237,-0.6244443826079306,-0.7780440392411351
423,12.604901556617953,1.0,1.2781385853402758,1.1228745463295111,-1.044572973851311
424,-7.978296049432252,0.0,-1.20353262119456,0.10918587592923638,-0.8875982728672442
425,-15.230911994212036,0.0,-1.8900026250473114,-1.010885124127035,-1.8454793184506733
426,1.7359333269117538,0.0,0.2323378759558433,0.7711028358550562,1.3571777706270531
427,2.665782037544803,1.0,-0.03409577645180622,0.6912523563671359,-0.5150913331579523
428,1.8499875228110776,0.0,0.4820617671969396,-0.4254959060008924,-1.9184734449748642
429,-9.725266903313866,1.0,-0.7977930335465697,-1.5018330081632913,0.9321333241866477
430,-15.266731372084315,0.0,-1.802323178988687,-0.6263417137469411,-1.0607775549602052
431,-11.701914956985732,1.0,-1.4714027816688988,-0.8246001413854033,-1.182487062710577
432,4.005303232252907,1.0,0.5211605738524179,0.6872044586749686,0.162795995961635
433,3.8010204752737025,1.0,0.9186674186133795,-0.7076595937394133,-0.2272224647928671
434,17.36182290807803,1.0,1.6042438978571354,1.8785525329135726,1.6184170849060728
435,-3.1770205980566613,1.0,-0.6146111495353639,0.25079458232146895,0.9016901977996356
436,4.360519340979115,1.0,0.6295780347649219,0.16435035144257445,0.37825061581204317
437,-13.239606768033473,1.0,-1.1632388935499507,-2.0459173574729155,-1.4229939327651617
438,-12.270161416446545,0.0,-1.527506111718019,-1.1404309538269766,-1.4996657779997167
439,7.0272890403420805,1.0,0.680163683205296,0.6703977897430062,0.3263039318296873
440,5.137610389005518,1.0,-0.23585244200225539,2.7634920509817853,-0.4822574409665297
441,-15.717871518850423,1.0,-1.601653253529399,-1.8598298626798937,-1.4932041337641466
442,10.947564404547176,0.0,1.0123508760913646,1.0137836486598135,2.1071740095187668
443,6.480238144962031,1.0,0.7348317600995582,0.3592387909904713,1.0024632183804811
444,-4.361891902077835,0.0,-0.5724125668546814,-0.05403406156746227,-1.2450468694458947
445,1.4001524014407423,0.0,-0.4846261709227514,1.1675314176295772,-0.3812363561743577
446,13.780317874692916,1.0,1.2404807889636948,2.0529739396589903,0.7476898602868717
447,-2.439926814351468,0.0,-0.31906764552634503,0.10305291519545091,-2.3832540549845365
448,10.993909424301691,1.0,0.8569297970392955,1.5642559534287046,1.3470079478850887
449,-0.620827573066136,0.0,-0.047769079412956245,0.16846848666208197,1.5094089103475303
450,-4.7709268386672266,1.0,-0.6176393071737802,-0.15576308842810546,-0.40158054656857567
451,-9.443501066041806,1.0,-1.064485792527673,-1.7415538572979627,-1.0899498872864406
452,-3.079990055743991,0.0,0.029972128732364052,-1.0359634772503914,-1.9994636062470579
453,-3.7938984770011217,0.0,-0.609241992197537,-0.27299712132654996,-0.5136584095085844
454,-3.9825214924814656,1.0,-0.9905970310582243,0.5336863992382509,0.99676291837052
455,8.954868241742828,1.0,0.6429369662701087,1.444914481741742,-1.0622283625138487
456,-9.898575802620758,1.0,-1.4449039318991665,-0.6859824354680469,-0.14798460891059018
457,10.638898835043108,1.0,1.2631786599684265,0.961905939612294,-0.6852583684637483
458,7.617627738502055,0.0,0.9363666885330262,0.4822341350194159,0.8820237235926612
459,-3.5631231308393208,1.0,-0.7153177527813868,0.6251677291748801,-0.024730230255503874
460,5.129691970237883,1.0,0.27150443503405125,0.907859458394416,-0.45913293398083044
461,5.778790692089433,0.0,0.6180944961713132,-0.07185454610974956,-0.2566848556582785
462,8.742546775725357,1.0,0.5388300614153078,1.2976049772350065,0.8606529794334209
463,-3.506887352659524,0.0,-0.4006624272081476,-0.46039844599787905,-1.938653024323981
464,-5.7366378184068845,0.0,-0.4285467049689827,-1.0816612686237623,-0.5958811282353987
465,-10.362910104947673,0.0,-0.6998720366779857,-1.4876298177718672,-0.06148396123638198
466,5.554911395039929,0.0,-0.262033401518277,2.101187478470545,0.7109764664860978
467,-14.143725074382528,0.0,-1.4671951733260236,-1.591194088307775,-1.1268403673682457
468,-0.4474301551575463,0.0,0.7552912756446913,-1.6959883606704165,0.4086514417070671
469,7.271102604490184,1.0,0.11916531903767688,2.1788773107664725,0.5015087851668791
470,-11.902140884149388,0.0,-1.0523520885893793,-1.9448168873981118,-3.2208516735143196
471,12.422054581941724,0.0,1.55348723148621,1.225365740575387,1.9504998571497503
472,6.101087937801519,0.0,0.5620436248455986,0.9413317238521999,1.6848678767969594
473,-3.1789374349050874,1.0,-0.7798559058178824,0.42838922472535623,-1.133673760775351
474,1.5685922873042986,1.0,0.058572476618899534,0.21034206284110374,-1.626237899815324
475,-4.1403685034271716,1.0,-0.4429099779033375,-0.8547530706796116,-0.280380192540274
476,16.53004208554694,0.0,1.2215625376812154,2.6964185900968705,0.8086817829991599
477,10.406936206847178,0.0,1.064624853036258,0.4955687406126664,0.37440154573883727
478,0.028703380082804153,1.0,0.11445811816005629,-0.5101467992981664,-0.33327025480935707
479,-3.286714727726671,0.0,-0.057361674966076706,-1.2478106316349644,-1.3738504969205234
480,10.06481640100753,1.0,0.23738502311613713,2.5179258370395328,0.4816228005613785
481,13.24610069384204,1.0,1.2998832890990206,1.7316217111234382,1.226602563373949
482,9.198190102134175,1.0,0.972651547275616,1.2428136783657888,0.3835194301113885
483,-17.921432450345968,1.0,-2.230129216240575,-1.3335633375824834,0.4057634554130794
484,-1.4788464082635153,1.0,-0.7238575781811372,0.8543539635158983,-0.5662033201861734
485,7.763133664506235,1.0,0.8781395144947765,0.08944455059709293,0.03168850131500936
486,11.893564006948285,1.0,1.2353951706579962,1.3480889529400844,0.6058978511984598
487,11.624796398173553,0.0,0.9540045905262872,1.3540447924191654,1.320166713072125
488,-13.332533408051503,1.0,-1.4670083004500083,-1.425246626570983,-0.011228358794052238
489,19.419668034498528,1.0,1.6962448772917305,2.0719465784388134,2.416682760402054
490,-5.4514917990907525,1.0,-0.42561658054574036,-0.48772596262597856,-2.345049831712452
491,15.947948084124326,1.0,1.0762302612834505,2.8673167306878296,0.9072397472089554
492,7.65417676578395,0.0,0.7863576155354274,0.40900707593478486,-0.5156777391138286
493,11.518988606033929,0.0,0.8402200410575592,2.207396998589876,3.8261831756537923
494,5.33774209859739,0.0,-0.06465550194888917,0.8513591660398535,-0.20906146517097648
495,2.480013816850192,1.0,0.3870627236454899,-0.35904944334024974,0.45165475310075737
496,-16.758317278121098,1.0,-1.568141607879031,-2.6216899621476575,-0.439696181034206
497,-7.452270257659672,1.0,-0.4780670419438659,-0.9909998452367028,0.49926875899888884
498,-6.982112375014132,1.0,-0.5424328127455834,-1.5966375836340065,-0.5391008953245738
499,-4.179891787762865,1.0,-0.5416260464709178,-0.4154948800310411,-0.47402017379015765
500,-13.260902713877243,1.0,-1.7929288445208926,-0.47164875099909015,0.34042321750166593
501,-1.7632207113009253,0.0,0.2790919644646193,-0.872147877498824,-1.572150964028925
502,8.577321187188108,0.0,1.3173652667621076,0.41422681124652305,0.8686938373260666
503,6.218761430834549,1.0,0.628170698856368,0.49947521505708226,0.7852077652282226
504,-4.535884846418448,0.0,-0.0006970380728172217,-1.0119800263189815,0.0902922613572568
505,-17.42106430482896,0.0,-2.325622657260864,-0.19780085807996908,-0.5732412018315843
506,3.8065322974297855,1.0,0.2847486378020817,0.33048536536170775,0.04003815679461242
507,4.667150051162718,0.0,0.48296868146750693,0.8912814799753789,3.4032480517413974
508,-2.476576301458712,1.0,0.14635834763396177,-1.0435431211939987,-1.0521098289713096
509,0.39368028735360394,1.0,0.3586794493849406,-0.7421972258335122,-0.1675606067882722
510,-1.638703833466317,0.0,-0.4133781105170861,0.23571210415665242,-1.146111319594138
511,-7.136229929246625,1.0,-1.1196428985796323,-0.41250369513835256,-0.9290161638660587
512,7.797240430811934,1.0,0.13440917672908628,1.917948787480793,1.7332725690294437
513,10.699350301770822,0.0,1.6347332610066236,0.03318846531128218,0.9502611481804452
514,14.932876814092488,1.0,1.2701042117495478,2.1105602484562804,2.1936202673798295
515,0.028283165411391975,1.0,0.2533495754323865,-0.26082013544089433,0.04929600808783171
516,-17.576710466571452,0.0,-1.5555718062400958,-2.55353275825026,-1.1680214870726826
517,0.2916285301134438,0.0,-0.18155568971162647,0.8377039686955531,-0.6639130622132804
518,0.23315389145347876,0.0,0.47165168883130487,-1.174488665905914,-1.1336928087320883
519,6.3179926031828675,1.0,0.42280528128351735,1.1885732167951166,0.14571040561465357
520,-2.8578908160422145,0.0,0.2917911679527532,-1.6239942238528013,-0.5244667634647988
521,-3.5782266095362725,0.0,-1.0562059142069609,0.31384730314013726,-0.312930238299489
522,3.5425263631128496,0.0,0.9315577436591975,-0.5130191346684562,-0.8563540832416255
523,-13.1891334449589,0.0,-1.1116230933168443,-1.9880426036845649,-0.37223318717916176
524,-19.444917867530553,0.0,-1.795181600800477,-2.516678175122129,-4.365826902444574
525,-5.463201756977947,1.0,-1.1132990524105193,-0.18141596534062487,0.584604389118552
526,-1.8725938926782375,0.0,-0.22308587279491549,-0.6790070845992172,0.5410842018422869
527,1.2301339949318624,1.0,0.5038889581278088,-1.1244628672610868,0.5728257586820654
528,-1.5792900217957055,0.0,-0.7242716255182483,0.7286993939263025,0.4244929476078098
529,-2.5899281169805732,1.0,-0.5221431071515364,-0.12720155882127052,-0.31547324083103456
530,-6.528878802414313,0.0,-1.23378264864794,0.1487950647749483,-0.787332061170791
531,1.631198109000317,1.0,-0.5083067836766283,0.8846265244918905,-0.09456797648086764
532,-0.32440671712360586,1.0,-0.1370634748941635,-0.036331534841152695,-0.027679626829523622
533,-4.245322706854068,0.0,-0.696441233808618,0.46736528002597805,0.4596353202014096
534,-11.483333188012109,1.0,-1.616999693620993,-0.8111530249866067,0.5658891465506719
535,-13.752325269776245,0.0,-1.5389270928067065,-1.2632988284290319,-1.073442048158362
536,13.91617683432116,0.0,1.409854128741433,1.7726668069145695,0.8520117524313441
537,-4.231593572311291,1.0,-0.4096778238911557,-1.0345588462403312,-0.8561291144479655
538,-11.46760127969863,1.0,-1.0508186348612867,-1.6366070176583831,-1.4411405779835393
539,7.639301969554647,1.0,0.9606702151370744,0.46607555813223733,0.547108801180568
540,-0.5010182384852456,1.0,-0.15387168525544856,0.1476891617172026,0.9330808752729284
541,3.7458340888311232,0.0,0.3675746658454903,0.6818712895186294,-0.05459642418764817
542,4.117633114302635,0.0,0.7894807252310749,-0.112344633206886,0.5703866230815916
543,-17.356270663699586,1.0,-2.1973709301204027,-1.3338001028103976,-1.8881602983973922
544,-2.580197769258514,0.0,-0.4461507690251889,0.43283333572020527,-0.8000765246601084
545,-1.0778335320292647,0.0,-0.5345241735371514,0.6575644421161468,-1.2752018897078927
546,-3.0422202987639175,0.0,-0.2964163834599024,-0.5557900732744491,-1.3718013457226468
547,4.446922908309866,0.0,0.19351684539048122,1.2583394740347364,-0.7567843345282698
548,1.1459550303271597,1.0,0.004298294832747242,-0.04927828505337996,-0.659666864100204
549,5.63666206112817,0.0,0.4684099465521611,1.1782053383210862,0.7160273183432834
550,2.2937305317672703,1.0,0.24201232564026984,0.30625337167288874,-1.259658579947481
551,12.14096659834428,1.0,1.1310721561973034,2.283895250107014,0.36962801455185457
552,-10.380595517412834,1.0,-1.0979938940650822,-1.6859580760315631,-0.6962334456489682
553,10.114133416580195,1.0,0.9777137438454325,0.931507885362231,-1.8868815830899843
554,-12.064903771482568,0.0,-1.5453553714610508,-0.9031010486103993,-0.7932960838590428
555,-5.573339180605867,1.0,-0.5677418200287421,-1.418517501714308,-0.5381177411791066
556,6.116512691962715,1.0,0.5981849520705683,0.9092730902993047,0.3631742012424405
557,5.085938134182385,0.0,0.7854530597726638,0.5120776561123745,0.05405241458646056
558,-5.179923180874298,0.0,-0.17240985344284684,-1.4588844050693175,-0.7865042446532042
559,8.571091759993982,0.0,1.0565115496745403,0.5231921111999984,0.17333106349413505
560,3.9460839530129244,1.0,0.3910347756782291,0.4248492180069507,1.0292334995819825
561,7.265556006223161,0.0,0.793898647953779,1.0550162875045872,3.233817081199666
562,6.58479478354867,0.0,0.8025383484076679,0.5691790097768498,-1.0061536577723091
563,-7.745877819121571,0.0,-0.7335119529901231,-0.8025462842838875,-1.0454273778806584
564,0.4188954888127112,1.0,0.20658494679369907,-0.5822361391987002,0.7012802780798526
565,-5.386713674103742,0.0,-0.44515037651990097,-0.5895368113126133,-1.7078065907848299
566,-6.019462611508234,1.0,-0.4357597231656112,-1.0417974417652107,-1.3970693308506612
567,-6.162863461905096,0.0,-0.5465982991060134,-0.7364690980662251,-0.24065860526984395
568,9.199623960507303,0.0,1.241347288515819,0.5537397357670919,0.20439527285265388
569,-5.375161205524358,0.0,-0.8834410901283652,0.31359307371736656,-0.05961993957958574
570,3.8421612907502443,0.0,0.23844625127718225,0.2989293773262682,0.5018624706805778
571,-10.653530540070593,1.0,-1.2376368760649976,-0.9913328122735758,0.03502460187235565
572,3.5709832839485687,0.0,0.36638633644627955,0.4017965246261732,1.4237631810903244
573,12.775978621666443,1.0,1.4236524262111132,1.5328368365012313,0.06453337834237538
574,4.889684690286359,1.0,-0.034797360156948884,0.8311212640170472,0.7608484939355872
575,3.0965155221529943,1.0,0.8436738325976902,-1.0850718910785313,0.5034935950368332
576,-3.440909717858671,1.0,-0.6454048151892733,0.01944932083205504,-0.1557669472631327
577,17.760341645068827,1.0,1.695529634855891,2.0599307333371026,1.0031128463604295
578,-4.076991520509281,1.0,-0.44191526354367744,-0.22128460037902592,0.4901506915929351
579,6.964122556015674,0.0,0.9254786767504156,0.39042204584152124,1.3458630320633067
580,-2.506862038412136,0.0,-0.6132102110893498,0.1982886010155663,1.0891697874635378
581,10.930846915362107,0.0,0.7154743805323048,2.050559713425259,-0.5748585965317297
582,-2.9435602300992705,1.0,-0.6316130917202079,-0.018482004342278792,-0.0065759885061043525
583,7.804901773158613,1.0,1.7032310459232929,-0.9030373871258636,0.16996115988074212
584,1.6362850155504363,0.0,-0.45501221781933426,1.328115240622155,-0.5773190667842444
585,4.466014218382204,0.0,0.5008411063330861,-0.38275778902790525,0.050020841645980446
586,0.7478751761890641,1.0,0.04809663807631923,-0.22616001929147986,-1.38161953886139
587,5.376463303896978,1.0,0.9554766793593386,-0.42295715174133175,0.04917851590824359
588,5.4903022256679535,0.0,0.4428976321721848,0.6106806353792366,0.054316319099961236
589,-0.22100767099388474,1.0,-0.20849607609789464,-0.13044258187458696,-0.40405637844805165
590,-3.31940972183618,0.0,-0.08418697592203699,-1.4012447981891392,-1.6453627152751347
591,-1.0468229537494602,0.0,-0.3078317549498796,0.04446856096489424,-0.31595631698499166
592,-4.355677013276013,1.0,-0.45381710262934877,-0.4151515057670003,-0.6230255773138851
593,-7.453683650039571,1.0,-1.0528512523504734,-0.1580932444160504,-0.15969468893975838
594,-12.786279379967757,0.0,-1.0998873701911984,-2.086811104532661,-2.423181608720064
595,-6.981932957795059,0.0,-0.5525173256619307,-1.2836287455175794,-0.9552623058334205
596,4.43321471662214,0.0,0.541056604338054,0.4439490334223155,-0.7459421732931564
597,-9.27538751908327,0.0,-0.984187132812721,-1.1738896624903123,-1.491157868795531
598,0.4580770522604303,0.0,0.1606125925520046,-0.601254192588179,-0.732731035250622
599,0.9019132210822957,0.0,0.8307014372125073,-1.4749784974426603,-0.64061774334285
600,11.81516457361725,1.0,0.4404178043605017,2.5951175466540293,2.1754542212737897
601,3.02155346443538,0.0,0.7761580860540641,-0.6321843253068307,0.7327379608490819
602,-12.40624859334105,1.0,-1.4619555706701481,-1.4964303159011711,-1.368352921091308
603,1.7065003372402268,1.0,0.12549451839866996,0.019378605395088747,-1.7781066725804646
604,1.986519147179476,0.0,0.285793032053592,-0.36191742119274206,-1.1164842019612382
605,3.0739700153945386,1.0,0.3176610441859825,0.7154733461667431,2.026313867111489
606,-9.884046454713094,0.0,-0.8803225098410559,-1.7481464094983694,-1.4386985338548375
607,1.555809114381705,0.0,0.2877458925030736,-0.3440823564835741,-0.09298481649941985
608,-1.3638275733368108,1.0,-0.6021301888900564,0.4627490907561118,-0.5673999781372657
609,2.9848600684189637,1.0,0.7425168631966376,-0.5704857820036634,0.04863126548329429
610,2.5266196631604307,0.0,1.067271307847134,-0.7613936600794872,1.0495248797738437
611,-8.875498194329294,1.0,-1.1882778690380709,-0.7381512174293948,-0.7976676687608897
612,22.334581188255157,0.0,2.401686081633958,2.454344096439586,3.3765756376758587
613,2.660881384642497,0.0,0.08686917162984531,0.20788547592759432,1.137543422883894
614,2.7553275802389794,1.0,0.11300761437729802,0.3239816269401172,2.8377675375563087
615,-1.01342776985195,0.0,-0.22039972201330396,0.06682207567296157,-1.2010030160586593
616,2.6924044115073404,1.0,0.5098424434538581,-0.39309569965911934,1.4085185326401946
617,11.388302693291081,1.0,1.2428822264114583,1.2883848781362033,0.979634207090974
618,8.641963274021245,0.0,1.235809556974749,0.2762807736362389,2.5890436220605992
619,15.62384350606386,1.0,1.4164695868558281,1.7806954126242096,0.2818044622009757
620,-14.16944444730939,1.0,-1.5253529064431874,-1.683389932433274,-0.5554632514889236
621,-17.470360828119606,1.0,-1.3003797432170494,-3.285614734329731,-0.7408482973393504
622,-3.4684020065378327,1.0,-0.3928130590934636,-0.564546218393988,-0.5617453227441117
623,3.3767962428315013,0.0,1.0109492867037557,-1.3085735691030296,-0.7819539842744615
624,8.512354993139542,1.0,0.6281656287155696,0.7903371695615209,0.7245483724768963
625,4.308276622913809,0.0,-0.09086226221269436,1.674777209198594,-1.252246847524013
626,-2.8502082476243142,1.0,-0.5157629493187181,-0.4079096468906585,0.11309350340486908
627,-5.6372473869902056,1.0,-0.9761343616653388,0.2528011900108924,-1.0901827991736792
628,-3.242487198740546,1.0,-0.6995747523473161,-0.27055515632715554,-1.8628803350802112
629,-4.71473700299053,0.0,-0.906592309056013,0.11888603662978636,-0.5659854182839177
630,6.444709764441922,0.0,0.8422269578669808,0.7994420954800657,1.2433010026823161
631,2.7660742809305905,1.0,0.29079024541307613,0.3956528205531693,0.33175435606354897
632,-10.054885120004371,1.0,-1.36546520699644,-0.5884171708502001,0.10481495048687137
633,9.844353303175192,1.0,1.6925324287583698,-0.6247805346117214,0.5183444353288333
634,-4.811700146161384,1.0,-0.835199686049691,0.27687484903505516,1.0428406604385168
635,-3.2377713758237165,1.0,0.02089671604586825,-0.873856177760497,-2.146877471276963
636,-17.128049872961864,0.0,-2.303122015396125,-1.050772501206851,-4.642052823961974
637,5.594677033269211,0.0,0.6404316998621368,0.5717960389070573,-0.6149370923761951
638,2.058819499766977,1.0,0.17305061389209703,0.7378013074106513,1.2220310886662684
639,0.8620737474192234,0.0,0.12188488561225792,-0.0922588422077983,-0.08781218432531443
640,6.6722019226946765,1.0,0.6318367443741966,1.032028100998563,0.057540468997968844
641,-0.04909186008888669,0.0,-0.22217032634119102,0.3832830869728075,1.0861400210348902
642,17.46158758658862,1.0,1.6452118697427647,1.8666727853076186,3.721711156008885
643,1.9151626422121752,1.0,0.18106231681314558,0.0738023793048555,1.4737408277481534
644,9.408282105669088,1.0,0.721418511830186,1.092922365454003,3.0796410287237266
645,5.554444452184441,0.0,0.45336321611160535,0.5623551300643387,0.8719578045483315
646,0.28108619994098283,1.0,0.4176017690938748,-0.6860291222709127,-0.8332556929925803
647,8.105249510949186,1.0,0.4343469251728172,1.1994291070126837,1.526267374405936
648,-10.375919728080364,1.0,-1.1592859954586177,-1.3124915272761866,-1.452928032010942
649,-1.9231971375517227,1.0,-0.34785433414307637,-0.35742547058967883,1.9513025510230868
650,8.096632454742322,1.0,0.5410053528559565,1.387361600920554,-1.516517123459287
651,6.133156705317388,0.0,0.4332846713950056,1.3819290434805624,0.8808050197667994
652,-2.3169681837599674,1.0,-0.7757051844369518,0.2718020814428222,-2.2762433490411618
653,4.64822813991545,1.0,0.2863060931845507,0.9172387100139542,-1.0731326170468394
654,4.215868708344574,1.0,-0.12003552388052927,1.689743786426797,0.5894870354020153
655,-2.0265304604550134,0.0,-0.2412340821959605,-0.19722017521411978,-0.21446135674367175
656,8.27025482507143,0.0,1.218046008624544,0.07368082996584524,-1.487603002621652
657,4.586584915649473,0.0,0.5242998637036775,0.7317058074403915,1.3617861392994188
658,11.097519499077897,0.0,1.1992502263151814,1.1834927792226544,0.9118859509912384
659,-5.482520712661829,1.0,-0.6855933331462678,-0.5755283437342263,-0.8799758880226425
660,2.1354168009537955,1.0,0.4611864368396198,-0.4127689325651173,1.022628745798473
661,1.888954952832597,1.0,-0.347104053732672,1.4793863041726099,2.306027141373409
662,-5.570747407057519,0.0,0.1537898027215748,-2.213124229448767,0.12865036010171738
663,10.354868752183137,1.0,1.5595788795931456,0.31883717731675126,0.6867073810194421
664,5.488972740522087,0.0,0.46742272094424964,1.345041745661879,0.749641503408115
665,-3.0751379296775854,0.0,-0.4475222509700695,-0.4201692657483744,-0.29922343011889746
666,-1.5387911733346864,1.0,-0.6292102385808096,0.332370914059078,-0.7546067714575105
667,6.63463114588132,0.0,0.859648245072721,0.15763770809962585,-0.8386945803389518
668,-5.6184734851012195,0.0,-0.9892014092045172,0.3887345715540962,-1.403754679641539
669,-4.856805416850808,1.0,-1.0432920596995834,0.17659954362287628,0.33981921310864943
670,10.983980832267202,0.0,1.458153583911718,0.22406442918135588,-1.688096132268348
671,11.92113071465546,1.0,1.150308848436644,1.5061004352671965,-0.06394071800913914
672,0.10887962344727642,1.0,0.1615158737238209,-0.1352473540998201,0.6418353611825367
673,-1.9798804116804691,0.0,-0.34446067722300017,0.3873335702781034,-1.7475474352185634
674,-4.260944448896902,0.0,-0.32313151409618485,-1.246164714840293,-1.1273742012752435
675,-2.253926813731504,1.0,-0.383039671183885,-0.26760721249987973,-1.0678484659736949
676,9.555791341856292,0.0,0.6004034847317785,1.0045519554805835,2.4880241026610372
677,0.5312368044150523,0.0,0.6344836172353748,-1.2463457319607676,-1.1705765817353702
678,-0.7319996594971327,1.0,0.11243630525930162,-0.06358160940461782,0.2793752802642791
679,-7.885943931212406,0.0,-1.3113123104039746,-0.4880373183441817,-0.8196817785843586
680,-17.774228658447267,1.0,-1.7823742681316948,-1.5824991018831205,-0.21901747992994877
681,15.625079405058573,1.0,1.8512324691956015,1.2335785978093647,2.1090921056423633
682,3.894712013020123,1.0,0.5154808182357189,-0.2315149377000358,0.2673288694434978
683,-3.0631060941913706,0.0,-0.04572406094512798,-0.8365653649741465,-2.0188509948834175
684,-6.642038638875128,1.0,-1.257941002235605,-0.04095699204168251,-0.3274017026519423
685,5.76828373913971,1.0,0.0803757945413874,0.8982295238523421,-1.0633530184945317
686,1.13633850794143,1.0,0.14694953240396247,0.3173634171342658,-0.37148122062358807
687,3.98557200600511,1.0,0.19680922372182436,1.1275231371309096,0.39881080362009236
688,2.5409700542972633,0.0,0.3427706709598118,0.07327114899536244,0.13506610016777157
689,0.8554129609889329,0.0,0.02963962118226132,0.05102977109988187,-0.2513401166841938
690,-3.565935579214792,0.0,-0.25195878556416423,-0.23853122391997894,1.6971081522371976
691,-9.93716654524677,1.0,-1.2162918099173714,-0.8532441222787321,0.9065686281156609
692,3.255339886757711,0.0,1.028808873075993,-1.0661279694064068,0.25600194343617366
693,-1.282531256594012,1.0,-0.2709610841096625,0.0670581294483979,-1.0323260241785042
694,11.730260280163003,1.0,1.554378713105264,0.7277455330068486,0.09472299087664432
695,-4.640411035198778,1.0,-0.36518327870582584,-0.8303504132320445,1.3632596338937701
696,-5.566169685321765,1.0,-0.4635632071636003,-1.4464329802051978,0.3357702443049041
697,-10.40833158227441,1.0,-1.1995996199957137,-0.9483792777005698,0.5515455762161017
698,-0.8706285849913038,1.0,-0.24034420956895894,-0.4051986284775395,0.5379374811992028
699,3.807857033921874,0.0,0.35839743231946686,0.49383949169833397,1.0779143873654944
700,14.012889888745145,0.0,1.6159388770157106,0.927535564798673,1.8681647541417084
701,13.775189948065494,0.0,2.3313792119044203,0.0536261629962445,1.5982943501847633
702,-5.966193583057222,1.0,-0.2964759832611302,-1.3806878116120407,-0.9568973675040227
703,10.337800582907699,1.0,1.1448647101250007,0.8476786446853287,0.657693991247799
704,-11.73904209865298,0.0,-1.1975605199084978,-1.8781013982973864,1.960683152555933
705,1.8836357271158697,0.0,0.4337035688012358,-0.6084184959402915,-0.1185339281741689
706,-4.388224739210724,0.0,-0.3902693388147494,-0.4492022404608418,-1.1261911079703715
707,-0.2556729034420572,1.0,-0.2162888778934985,0.4513748663641131,-0.49920416573525794
708,1.2512812587435447,0.0,0.31764653823490163,-0.2725076221464726,0.05029330585947034
709,-11.542936556663733,0.0,-1.3522617997401234,-1.2128174711674593,-2.887493346039262
710,2.0908567087616214,1.0,0.11950131625581903,0.3981655267529611,0.5656527407483996
711,1.5137645046016852,1.0,-0.15556571183397047,-0.0419282394258962,-0.039461944190375964
712,-3.852542531336535,0.0,-0.35986691462636416,-0.4757134752810544,1.1197755167566095
713,-3.2613142683152128,0.0,-0.7343399727610329,0.6955027102785651,-0.5921330965051219
714,-4.792655857382546,1.0,-0.9759294934982726,0.09481445375006017,-0.372042078733987
715,-5.837678637081653,0.0,-1.2372280550083365,0.32582827955640203,0.8899766273361692
716,17.7326474188649,1.0,1.458649697276396,2.4149839911457422,0.957482736078838
717,-2.5965428988928503,1.0,-0.6363277929371026,0.33785789707472935,-0.07778183557300998
718,-1.2321028313536462,1.0,-0.8511011313900348,1.6434891323629184,-1.3387877231711254
719,-0.31107004717982695,0.0,0.1910342538602573,-0.6245344072488629,-0.49273256556105505
720,-8.223385856739618,0.0,-1.057791503144096,-0.8730161933429981,-0.8020547397818415
721,8.793864140507806,0.0,1.1914370220358852,1.0207613636875368,0.21320280845556724
722,-5.195750049105066,1.0,-0.5081838349845795,-0.8575603634313405,0.040279575504167754
723,-18.12266031111272,0.0,-2.380099325984867,-1.081560562914122,-0.8272602060918305
724,-15.573084935569565,0.0,-1.1246026564155143,-3.1600716628237073,-3.3683648702523814
725,14.990284580923996,0.0,1.2539382610417402,2.1175495432519944,1.2083864896789471
726,0.6436488996443439,1.0,0.31192236829636566,-0.44574593558902675,0.8941661266179025
727,-0.49597949717320833,1.0,-0.42770491973149455,0.29376899290013864,-1.0112663147439769
728,-2.9233893860520674,0.0,-0.9348394113761198,0.7699629269202669,0.10736646842285763
729,3.020189288239326,0.0,-0.22415600358244664,1.6066855302392125,-0.6892420883798233
730,-0.6896261365155045,1.0,0.005509476441605682,-0.4710179153055988,-0.5262868794892912
731,12.495929507075687,1.0,1.214190080853176,1.7944370160666556,2.6301737638101192
732,2.483721831000918,1.0,-0.18486095800375246,0.8845940247820758,-0.8427994530846978
733,8.118338116283534,0.0,0.7724349788063336,1.019170887333062,0.16917163481320602
734,-5.271805533927494,0.0,-1.2648638173861897,0.4328145109329636,-0.8091459543648912
735,0.10899966263543481,1.0,0.5741844890489082,-0.9745352528823683,0.2963846103224306
736,2.793921701367518,1.0,0.19140353323160755,0.1296609817570613,1.744966081380084
737,-6.074873964997328,1.0,-1.2317320843806019,0.2628216392172343,-2.3188135894555666
738,-3.543987992498461,1.0,-0.4323596512764245,-0.36186787520500563,-1.6003326915312277
739,-5.673342502327588,1.0,-0.9471102701748859,-0.04393578598714268,0.15667599089417283
740,7.612491545565802,0.0,1.0420018072496047,0.32533789242131217,0.8000339640554097
741,7.162127781561679,0.0,0.6109606525123439,0.6729219393131085,-0.2702308529096492
742,6.678992515446046,1.0,0.44518465960466563,0.4670971964557102,-0.09877810273302262
743,4.666006675255706,0.0,-0.13346629010468009,1.842003358096076,0.4564781833750523
744,1.4223578487066797,0.0,0.36564920920259264,-0.14911921631236805,-0.627891957803446
745,-4.600714822559722,0.0,-0.3401467794723238,-0.31747172390999134,-0.6810769219610354
746,3.2956366534835633,1.0,0.5742668806124241,-0.33335306619945065,1.7403293702777205
747,-20.20828640033811,1.0,-1.8564827169837521,-2.376526836906308,-2.543353457638861
748,3.41020061678159,0.0,0.4097629966210463,0.4530016921590218,-0.4215382833874148
749,-7.863247070219925,0.0,-0.6272484016454096,-1.3481137645790608,0.26691309113036066
750,7.922342285994936,0.0,0.7088869984920639,0.861734203059236,1.3873354131520985
751,-9.017707752388281,0.0,-0.6016055602771231,-0.9652225391293463,-0.17967791237544162
752,10.687512158780464,1.0,0.5284522638905249,1.8837673057517779,0.6397522725033028
753,-5.186657859849261,1.0,-1.150521325151183,0.23649545689028795,-1.8519912440045327
754,6.197614565821478,1.0,0.9025847749509133,0.13758543055437655,0.007326908751527534
755,-0.0705388608441786,1.0,-0.5909144684883834,1.0882976619279698,0.7838188404206813
756,6.030120189664235,0.0,0.6798879663980117,-0.30930642750829174,-2.6411140459531572
757,1.9165311413830461,0.0,0.10304718975974028,-0.08164456570880699,-0.02540825875425589
758,4.10944622144219,0.0,0.3205129326882783,0.9474935774482877,0.9004405424553108
759,1.987491372986077,0.0,0.2955807186694308,-0.04288795168599574,-1.0568051407512609
760,11.987297539502924,0.0,1.4582759888626566,1.1995047838001651,2.214834426234319
761,13.969617592112145,0.0,0.8554725241381916,2.6565787541935006,0.8637672638221692
762,-4.849552971996355,0.0,-0.36297916805210867,-0.9832164659505302,-1.9459120994050103
763,1.808764085330268,0.0,-0.039446576952314516,0.6104959987630825,-0.20739918209965766
764,10.085943335473907,1.0,1.0794328367365562,0.4465059928212303,0.9830219569030556
765,-2.7786795269158926,1.0,0.20328184295654766,-1.135368427879649,0.9421512990111233
766,2.2507505062788695,0.0,0.19436758462349052,0.7954210802056495,0.5303912693084377
767,3.7031393580330683,0.0,-0.41447678684562145,2.154208070939339,1.3540307147932247
768,-2.0500500150101626,0.0,-0.11841463993838934,-0.8875330929384673,-0.6275041895889839
769,15.513912124294762,1.0,1.4621623883793757,1.865437324866881,0.8024268058239793
770,1.178469143696711,1.0,0.10737764899682294,0.02627512568093956,0.6244456061784559
771,3.2173813954677937,0.0,0.7829139555883888,-0.06831544318604757,1.7978064261531141
772,-4.4394950396859425,0.0,-0.9739989221802972,0.874105269349095,-0.8212249612710104
773,-11.272053261079929,1.0,-1.4488940970399615,-0.6671662603351395,-2.0378373244175467
774,2.510536970341618,0.0,0.15493662949290038,0.6272385926849234,1.3075001471122816
775,-1.5687311943336022,0.0,0.4087092923459995,-1.5581454919600377,-2.575758536586447
776,-11.613632615085729,0.0,-1.3663509053760465,-0.9141277504109175,-1.4397965043376006
777,-5.768124284865044,1.0,-0.3847566845134172,-1.2172293615826775,-0.11115336513653294
778,-9.911665311115598,0.0,-0.20158499617724798,-2.467044381665774,0.21612098892555723
779,-0.10275716736867146,0.0,-0.08260553145583376,0.09328566956576968,0.5215174001288351
780,-0.7064942812057055,1.0,0.1780703514615166,-0.3451783180009015,-0.7739241360725478
781,-3.6585657402829543,0.0,-0.024715356174999602,-1.074453206771253,0.4594283277389738
782,-1.1322771852868325,1.0,-0.28789992245111906,-0.020431616803302605,-0.3688358256507894
783,3.841018532143228,0.0,1.5254619695357423,-1.2797399643404153,-0.34465349856178706
784,4.411842084543941,1.0,0.7103250973595304,-0.22209211198309992,1.1568486066466435
785,-11.306162931286579,0.0,-1.4395359708039936,-0.4548573447630331,1.4091648599663786
786,-5.9214578385546925,0.0,-0.46575897852979786,-0.895817764489395,-1.611848371083971
787,4.877614103864747,1.0,0.7591693738713523,-0.028764771020439752,1.8604574982477962
788,3.7345297857494417,1.0,0.42573912441170014,0.4733616017707507,0.6167397116719847
789,2.878690851192096,1.0,0.2856565036305364,-0.04061584814860781,-0.963352593741011
790,6.035987409696856,0.0,0.27760423459508393,1.2901955169772417,0.03293079879460165
791,0.8442390493650282,0.0,0.014666467687253779,0.4446653507412582,-0.1206328451389405
792,-8.824970825512246,0.0,-1.001219522440724,-0.45390216697625047,-0.21756567755444509
793,-2.6397436627123545,0.0,-0.16451491843894805,-0.7464259330152229,0.12105928672421214
794,10.599718498203377,0.0,1.2989158476262783,0.8970911902456715,0.9125196203087591
795,2.846849286627089,0.0,0.19382710883076232,0.9329097459831767,1.3145741809992924
796,-2.108264797904167,1.0,-0.10354833693789882,-0.33354072606485585,-1.0204694028573944
797,-0.46624617807200425,1.0,-0.7132344614596632,1.435236735667087,-0.7649812307515766
798,3.6742947555996337,0.0,-0.5259215184775606,1.9298060809061683,0.3150655389059039
799,-4.020887604567533,0.0,-0.5517219699374998,-0.37333683437163584,1.0871473475513667
800,19.125728389617006,0.0,2.391047219466731,1.6891429643904197,2.5891736911740537
801,2.567973276901436,0.0,0.20393815450960237,0.09277304406090267,1.780600672456032
802,-9.362537150387489,1.0,-0.9570934136756769,-1.43750491216391,0.21757855555733255
803,-7.179154653635281,0.0,-1.0680970360876043,-0.112916619000891,1.2060552507304134
804,19.321259526014348,0.0,1.7148354892869557,2.6169199850001132,2.6574107384167025
805,-1.1411465871480129,0.0,-0.10291650542007187,-0.4563706247085747,-1.5206491581666965
806,-0.4351636039843418,1.0,0.09667487733571446,-0.5155993570992479,0.9670475336721079
807,0.47967320682941084,1.0,0.014249940200293472,-0.22300893334329422,0.8011411231799493
808,9.033519028906333,0.0,0.6096333070414832,2.2956632160437085,-1.527955059869942
809,-2.3107862416720812,0.0,0.5075773453051141,-1.59340770435241,-0.7603881998942228
810,1.729967623280341,0.0,0.28359394122206844,-0.40984912457019046,-0.4743249005901734
811,5.6323910946567,0.0,0.17201950539570887,1.0364086943939979,-1.1863988380607997
812,11.082960328459569,1.0,0.3088390352854573,2.343968036810138,1.3002256885067747
813,2.1708731519234283,0.0,-0.13517683948932205,1.0570403566680824,0.5466739902474028
814,-3.43319308542973,0.0,-0.2387627113337269,-0.40012937065756504,0.7678188633558813
815,0.5518212770551587,1.0,0.49855900373347545,-0.993531288654051,0.3178153504213675
816,-3.588215149607974,0.0,-0.3906716697006101,0.13587158674558128,-0.02064343456384576
817,3.8842808859136038,1.0,0.12947807702266145,1.4156075118832834,2.2098955458720937
818,-0.7992075785706412,0.0,-0.025575628854926005,0.18268120742664967,-0.49863337833097526
819,-7.475841544313237,1.0,-0.510221190579629,-0.6129332840232249,-0.05067245611675732
820,-13.66607847838478,1.0,-1.2700082442017169,-2.0197537065357274,-0.45291964699772985
821,5.140382417933515,1.0,1.0659128375697093,-0.4083723971725647,0.1079886752410956
822,-1.3405154147150555,1.0,-0.28055552573387,0.2221395065016937,1.6971832624608314
823,-20.718347024820687,1.0,-2.2964360261979113,-1.3610548206115787,0.48593336687874655
824,-5.322550176695786,1.0,-0.5846968887794282,-0.7352135394539574,-0.3420737691184152
825,-10.083705439477885,1.0,-1.0223254440952971,-1.5926830715134606,0.18660623892989597
826,6.171754125693679,1.0,0.44803895164410523,1.1465389388314977,1.1168031028858727
827,7.087044613670418,0.0,0.34667949172535156,1.4755809600757466,1.1607682010963787
828,11.819003188123714,0.0,1.5410596339696332,0.38038272475887847,0.5017149309107941
829,15.408867201284693,0.0,2.294933367480817,0.6727196395101865,2.1906107800686687
830,0.010175046871100046,0.0,-0.39683259861938697,1.0988813931109933,-1.6011824364115286
831,-6.510387461503059,0.0,-0.6057380281090712,-0.8221498510219534,-1.3319303636617912
832,-4.590435459592264,0.0,-0.3446538427971489,-0.5549990775225656,-0.6994146057109956
833,8.771081125784173,1.0,0.5307061633797552,1.4785455534690386,-0.7975624685722419
834,-4.0243835737392075,1.0,-0.4654714541026542,-0.532829175455064,-1.2602598122172486
835,5.22094879031464,1.0,1.0293241922890424,-0.1026212192027021,1.4169679831614121
836,-2.594550168162753,1.0,-0.04157530565717712,-0.7985565165927054,-0.7458535267483108
837,4.019443243666203,0.0,0.02235557624359379,0.9376987779773026,0.23890571896531632
838,2.766383860456557,1.0,0.5639055896785339,-0.2981944486647751,-0.25759854162216506
839,6.106559702674055,0.0,0.554576797859517,0.3841155280641387,1.8933640838968673
840,-0.5282186406094149,1.0,0.06656966969352168,-0.29606052946356975,-0.2503801546267113
841,8.255627950877724,1.0,1.07416646093348,0.05805363841201159,-0.6323262680853444
842,-9.017374970037496,1.0,-1.2623862401718946,-0.185593500076426,1.218735701602762
843,6.300562052202423,0.0,1.0488929170616486,-0.38943408222430714,0.47421492775914953
844,0.21712457531716578,0.0,0.03541113453918336,0.2507988539410635,3.139325743657916
845,-4.3393317121265325,1.0,-0.8541475329687073,0.42835486454181276,-1.913822304843751
846,-2.128276384153342,0.0,-0.3286428519512428,-0.7244381986609221,-0.5401857721894134
847,-6.350266567884141,1.0,-0.694878451880331,-0.3442563024455877,-0.2647548258964031
848,-6.952291415094235,0.0,-0.5095460748625702,-0.6294070580316558,2.468806038178929
849,-2.7942704723422525,0.0,-0.6364066249561448,0.5221591723196332,-0.13833384062787768
850,-3.471492367756304,0.0,0.3000259809664185,-1.6882976024633514,-0.9693804489780555
851,-19.736447114929444,1.0,-2.012433959311641,-2.5760133557960203,-1.1840312476935237
852,4.63265319259935,1.0,0.48694517351153904,0.7995442971827794,0.9553264028986512
853,8.857602429255673,1.0,1.4089310842941147,-0.13056196254417757,-0.8196813108853097
854,3.033166788126678,1.0,0.03878778240813053,0.8157808500233062,0.07532037272783106
855,-0.3814690442015796,0.0,0.19748290484290268,-0.34782488867995814,-0.5201644162148301
856,9.316306068329805,1.0,0.7721829535739615,1.3932052721344217,-0.12379110990863786
857,-7.976157152474506,0.0,-1.0926457569616053,-0.15221691812571075,1.0828999854409578
858,-1.7920770791562952,1.0,-0.6746743095467864,0.290267348993145,-0.29871454726844626
859,-3.9449948268653707,0.0,-0.1636289079345486,-0.9125086156708236,-0.4030322455876977
860,6.869487639386638,1.0,0.5670684124162283,1.073311229828819,2.4718875466064634
861,2.897584548059815,0.0,0.05692090709633974,0.571210309542884,0.6313318124573714
862,-2.519088396576287,1.0,-0.2703744537605594,0.014601062356586867,2.2302094782605306
863,11.725863644196153,1.0,1.0989762561993879,1.198126054633167,0.26627566443769074
864,9.975256229803602,1.0,1.1723425205596572,0.462570904846824,1.1835203111638348
865,-4.187873902075044,0.0,-1.0292862214626748,0.7668813503567087,-0.1550488792969122
866,9.301322864858363,1.0,0.513902881456086,1.3168339372876101,0.607803707530938
867,9.910465043030609,0.0,1.6282593045233884,-0.03327329257330888,-0.7210861027870513
868,-2.4483594458593045,0.0,-0.2599841399926442,-0.23188103256957118,0.12084388453896805
869,-4.575395903829803,0.0,-0.13312197201921336,-1.471021654585439,-0.6708856424088893
870,1.1613904915220432,0.0,-0.5593072456713727,1.1931050080232615,1.4433807600305875
871,-12.7203046616171,0.0,-1.3948776564657803,-1.179559484744448,-0.6572427146621651
872,5.302717875785677,0.0,0.7975773297420108,0.3418973735301801,-0.21413037254249015
873,-2.527088435997296,0.0,0.022091613607323146,-0.7905121396283264,-0.5002072612206703
874,-4.267367821571572,1.0,-0.3368489637276668,-0.8209270169927119,-1.4081323015922198
875,-8.421252437774276,0.0,-0.952449078606078,-0.9786633103801705,0.16622401183740185
876,5.506606646537765,1.0,0.730466113119525,0.04498754143842074,0.6447451606875023
877,5.483975705743255,0.0,0.2051230963756418,1.8220154296094817,1.433190979482393
878,-4.319647588963618,0.0,-0.13375918610799847,-1.0165799922243395,0.23886193033178882
879,-5.758888141017238,1.0,-1.2858990431989272,0.24665114352199052,1.2111140809422676
880,-6.229648072231683,1.0,-1.0477885020692435,-0.09574377000744348,1.3486845794404134
881,8.812446782293984,0.0,1.528667361033645,-0.14375992481061473,0.38524614801374635
882,-0.6458750008091019,0.0,-0.22483853778141752,0.45310979283623387,1.4934983944660805
883,4.753802594884722,0.0,0.1670140009184853,1.052902507586166,1.9610355422007015
884,0.2754000512610476,0.0,0.05498024421428196,0.10774147402572595,0.4392921180032346
885,-3.5903320671273553,1.0,-0.8201885179553671,0.4988758440875595,0.13254167979211656
886,0.22113664970154528,1.0,0.2820037224382495,-0.767329619735725,0.19851684924049345
887,1.121424299882998,1.0,-0.026349186254718673,0.37058489482253026,0.8999528920778587
888,5.176197657015127,0.0,-0.18681386010152878,1.7417111590967815,0.6315043999965909
889,14.282869754155438,1.0,1.3561713232183115,1.6305118752904484,0.22939543547792876
890,-8.61980262317814,1.0,-0.6138991423806271,-1.3663364199933843,1.0984699576462742
891,-12.576385789788086,0.0,-1.6245752583802295,-0.9486277645289557,-1.0873668726341736
892,-7.249831249719177,1.0,-1.200008833879498,0.4444840671725815,3.518614914841406
893,-0.9861939112177392,1.0,-0.47945724657507377,0.5163038282511574,0.7808993012787161
894,-1.376403134758096,0.0,-0.6661662147592088,0.7573436340568053,-0.15691194578369708
895,-4.444034116077488,1.0,-1.2393047667225687,0.287521755125327,1.3135437238338687
896,-5.627417843292847,0.0,-0.45631813152080014,-0.8765377614022493,-0.29804483251004504
897,-1.245273219112815,0.0,-0.052606625446020454,-0.18403995565854434,-0.1514208444771615
898,2.3742366893683333,0.0,0.6517219245437542,-0.7809365411002748,-1.2322084701925775
899,0.4856230294872318,0.0,-0.17542697847037544,0.5905152201634818,2.6869906005940787
900,-7.52036851168951,0.0,-0.4045943815488116,-1.1431961460087259,-0.8489053316281867
901,0.5421760255285742,1.0,-0.17252682259225421,0.15839879554494812,-0.2189371256324007
902,-8.046123029393076,0.0,-1.2144606094387684,-0.1393014981840228,-0.9969488417348374
903,1.2698191877595946,0.0,-0.20150247698913362,0.9421441737320928,-1.2603648854885618
904,-0.5751161437855221,1.0,0.06796467599934086,-0.9366530734932287,0.6349473877074603
905,4.489230321897319,0.0,0.2031741314671096,1.050822836663405,-0.9710609236171961
906,-7.81142058903506,1.0,-1.3085999077177137,-0.09222623282161432,-0.367000270584994
907,22.798298656150045,0.0,2.240383829531611,2.488302788940272,3.4989184055385056
908,-0.14330905337505884,1.0,0.031052143138271433,-0.06968032548880505,0.7572518918060827
909,1.1529457380634516,0.0,0.2361519653041047,0.8117206324388452,-0.11406986515368815
910,12.66101569507088,1.0,1.2447393430348603,1.0745936765164175,1.1867735340938765
911,-5.427014650892714,1.0,-0.5360462042857006,-0.8011995361715483,1.174071764849074
912,7.359419861546598,1.0,0.9485801904485314,0.5025363072914522,-0.5930440963598897
913,-11.51830558886127,1.0,-1.3706057542403327,-1.0909458043304525,-0.05456604073321126
914,-11.506792429366808,0.0,-1.0614480276342169,-1.340768367714107,-2.1957124773288026
915,14.819062366029947,0.0,2.1224512879270514,0.9170678470490286,1.737175961904689
916,-1.005134931399927,1.0,-0.6044659179007246,0.1313403916352065,-0.587434826926897
917,8.587730935939119,0.0,0.7521912018799477,0.913549689333591,1.2909562822657277
918,-6.708667020572288,1.0,-0.4298578400846024,-1.2178261294383177,-0.015125770634127216
919,0.9370275176242753,1.0,0.1090657125757824,0.43828721469311477,-0.7963889521355856
920,7.2003426209001296,0.0,1.0436896168089917,0.17710405692406103,-0.8249871840620279
921,-7.110592001150103,0.0,-0.49203536087353633,-1.1613547235601684,-3.3906997161730397
922,-0.023871062706610324,0.0,0.4098263105117791,-1.499508834619249,1.141601431433846
923,7.6996580442619695,0.0,0.7425910328207751,0.7794923598460171,3.3066079796485726
924,9.504846070489116,1.0,0.4985052059755337,2.23028324941505,0.4815606469049085
925,0.9315425240604274,0.0,0.10412724177738088,0.31797375330041816,0.8554103552823675
926,-4.397695487533367,1.0,0.06733028078125756,-1.7729861281549473,-1.1778415853209954
927,-2.535749717047722,0.0,-0.733465636707199,0.5509251669271247,0.5952200784497371
928,-5.4784922332118935,0.0,-0.45018213538463403,-0.525809960893252,-0.3219411343000055
929,-1.288993120506431,1.0,-0.012336131225149278,-0.501247283150261,1.062136558891705
930,-14.017555861479803,0.0,-1.6549333108979503,-0.8382651275762701,-0.14393377013281464
931,1.9463782780444172,1.0,0.2545981586034163,-0.18836817020531205,-0.9121433271429334
932,-4.094183729829776,1.0,-1.0472610773967452,1.0121901900208734,-1.6167423096881859
933,-14.342021955391077,1.0,-1.6535717222438402,-1.7720668820792163,-1.1596861976928845
934,3.5321976316783616,0.0,-0.08719644836137741,1.099909431299721,0.81022374139603
935,12.076337792326193,1.0,1.3741590522286886,1.2310336881413944,0.9080768916202574
936,7.901737447024786,0.0,1.1263403582215301,-0.18287925402099306,1.2382037053227128
937,-6.212611563849302,1.0,-0.7695523878507939,-0.2616863401008023,-1.7848434928783063
938,-1.7703664505860306,1.0,0.22546548470586905,-0.44556241441432487,-0.25345739043928905
939,-6.186066308180427,1.0,-0.902612876517897,-0.35369649240253787,-1.5087382842676655
940,-10.624626823056609,1.0,-0.9037750982170802,-1.7478481535048191,-1.8172936307274692
941,-10.530604987562494,0.0,-1.094630199436574,-1.083255905640202,-1.302493845739769
942,13.079770235090777,1.0,1.0375489162544604,2.0357962121578996,1.7090536804984569
943,6.386087961353086,0.0,0.14689325812237314,1.5132334963831104,1.3831752513098896
944,6.999446253614965,1.0,0.8789411723389908,0.31640107392413835,-0.7995534429741883
945,-3.9435638046272246,0.0,-0.38225032382605156,-0.2675000594724883,-0.02938968650990984
946,-9.778120966698367,1.0,-0.8797084265833023,-1.317103812369254,-1.1023078663465993
947,0.2909909454827837,0.0,0.055784842819585304,0.42172078861198137,-0.5920943984636313
948,-8.336596090058805,0.0,-0.7924400949806728,-1.2022176546443104,-1.6416951945697102
949,-7.3446161529665055,1.0,-1.262191331790346,-0.4247600999127911,0.4596205267910108
950,-4.562091343102265,0.0,-0.3369230824930387,-0.6981616730442248,2.085607007345876
951,5.819267091068929,1.0,0.16045202471156236,2.011093867261566,2.3518220186668146
952,2.2780507977047035,1.0,0.5362754672593458,-0.07799513353546114,0.506337328328858
953,-5.867386540562412,1.0,-1.0570022173762277,0.019685891270373613,-0.06291791255830917
954,3.40066157504531,0.0,0.4706057078964761,-0.06782344668553573,0.3842485107574969
955,3.907066023357634,0.0,0.47673039665078976,0.4102774224396239,-0.20524383496170065
956,2.4635245498331835,0.0,0.8028925681811055,-1.5990671437210535,0.9487587438566795
957,4.795709966958395,1.0,0.35763869238407875,0.9235206166022764,-0.1769509425689312
958,2.0937090913266463,0.0,0.2696566057113089,0.578142586886562,-0.5819534209354804
959,-2.413689166495791,1.0,-0.8665559567599573,0.9434324396630269,2.200675181708401
960,2.3613592130835546,1.0,0.22525663678355437,0.629205449063307,2.1700766336062745
961,-4.80700263709051,1.0,-0.5183455349141364,0.11840335960228371,0.19262387244149487
962,-3.0438627916170895,1.0,0.25389408602764035,-1.3759244756532583,0.11595259582437345
963,2.7713711075451632,1.0,0.41871537860948554,0.28428641926255,0.1518589574527856
964,8.315243358251152,1.0,0.776466150161863,0.4863067926741367,0.26555747127894375
965,4.457885233979302,1.0,-0.04725455519106965,1.0876455475417248,-0.16258679005837268
966,5.675532788835688,0.0,0.2572424292277184,1.4424543921937782,3.1688865075133665
967,-10.384713064221033,0.0,-0.590312080464794,-1.8112557581220197,1.0750517538412132
968,10.610568619861619,1.0,0.962203766372635,0.8561961834332741,1.149598710847712
969,-3.582459137517748,1.0,-0.42281118272471235,-0.0008160460705858108,-1.1402888791461125
970,-5.2517632043797775,1.0,-0.17777569813474753,-1.5017577905593185,0.7949216622367842
971,-12.707405597149124,0.0,-0.9685453531454493,-1.6128794869038616,-0.9055745256484519
972,-3.6309093470341987,0.0,0.035048153710508484,-1.545725075417617,-0.8919687622891774
973,-9.711528125380813,1.0,-0.9360325727630524,-1.2107516990324576,-3.444821963729037
974,-10.430626410008331,0.0,-1.4735476371435963,-0.6287909862277548,-0.4402622508755398
975,-4.845314299872712,0.0,-0.4146051523515662,-0.8876973742530685,-0.803974547586972
976,-3.249533217359573,0.0,-0.16642055226909236,-0.6068888834761721,-1.5380813657023023
977,-2.152571819121878,0.0,-0.26059223108393265,-0.20831286069779087,-0.47515885331808516
978,-7.929699080432454,1.0,-0.760062911186213,-0.6051259415432277,-1.0951154115981776
979,6.900327829555386,1.0,0.7944900994791112,0.6480757415654087,0.2907580108867879
980,4.473642171724133,1.0,0.9026122944672333,0.16671301759480575,-1.5281756185426247
981,-10.277573891329688,1.0,-0.3305972079283795,-2.6293414224767724,-1.3597362806586106
982,0.9756379879632474,1.0,0.01971081738774123,-0.24821551152555937,-0.35606565792921824
983,-2.418578397331215,1.0,-0.6703181207142846,-0.28738435856647065,-0.5467127965652534
984,-4.73103700809363,0.0,-0.34024600449557807,-0.9902778773183017,-2.4570702746909268
985,-18.91259009498684,1.0,-2.0059790018003594,-1.8563624922138313,-0.4674819880960789
986,-28.58318907143149,1.0,-2.9264542291274966,-3.576702689535986,-1.594333908581287
987,7.007710836695061,1.0,0.8130225330003475,0.6881458353851586,-0.25554897084620287
988,-2.7314867961730096,0.0,-0.5107405367016958,0.23785216234540177,0.36524230517913053
989,8.871414995588117,1.0,1.464386451707786,-0.7353879509920271,-1.6936335828709852
990,5.163259389220784,0.0,0.3954521581874238,0.6963839532395821,1.1606656905362855
991,-2.9627955159322035,0.0,-0.009991275549637437,-0.4524104465163559,-1.324334276367891
992,-2.859596632611673,0.0,-0.709087467329631,0.4828376939100484,-0.5599825052357289
993,8.428381802508822,0.0,0.7066687097182994,1.311436781779172,-0.5250396359805469
994,-5.747771310501988,0.0,-0.8831106808918585,-0.2548737259174459,-0.3141535623662224
995,-1.4606668447852482,1.0,-0.29367235367735767,0.21544245937591777,-1.1815292104984005
996,14.970533801218938,0.0,2.1427843803835445,0.7159213362491189,3.643401673084939
997,11.913208670194729,0.0,1.3625802673415837,1.104235769292595,1.1711912939665257
998,6.834695284801391,1.0,0.5124623008981259,0.8947124211178616,-0.11116473119104321
999,0.9779916565464776,1.0,0.03870649662947667,0.27533453835524935,0.6628912986458453
